capability_id,domain,capability,benchmark_behavior,neural_critic_equivalent,status,verification_level,entry_points,owner_files,data_source,journey,evidence,known_limitations,dependencies,regression_risk,last_verified,milestone,notes
"NC-GS-001","Homepage & Programming","Homepage route and publication shell","A publication homepage establishes brand, primary programming, and current coverage.","The root GitHub Pages shell composes shared header/footer and independently enhanced editorial modules.","✅","V3","/; index.html","index.html; assets/app.js; assets/home-feed.js; assets/home-curation-guard.js","published articles via assets/content-api.js; data/articles.json fallback","Open homepage → programmed module renders real published links → selected story opens its canonical shell.","E-SRC-REPO; E-BROWSER-PUBLIC","None observed in demonstrated scope.","shared app shell; content API; published article metadata","high","2026-09-02","M1","Pre-existing capability; Milestone 1 changes no homepage behavior."
"NC-GS-002","Homepage & Programming","Lead story programming","Editors can promote one dominant lead story with image and deck.","The lead homepage slot is selected from published article homepageSlot metadata with a guarded fallback.","✅","V3","/; index.html","assets/home-feed.js; assets/home-curation-guard.js; assets/studio-news-placement.js","articles.homepage_slot; generated fallback","Open homepage → programmed module renders real published links → selected story opens its canonical shell.","E-SRC-REPO; E-BROWSER-PUBLIC","None observed in demonstrated scope.","shared app shell; content API; published article metadata","high","2026-09-02","M1","Pre-existing capability; Milestone 1 changes no homepage behavior."
"NC-GS-003","Homepage & Programming","Secondary editorial slots","Supporting stories are intentionally programmed beside or below the lead.","Secondary and regular homepage slots render supporting published stories without duplicating the lead.","✅","V3","/; index.html","assets/home-feed.js; assets/home-curation-guard.js","published articles via assets/content-api.js; data/articles.json fallback","Open homepage → programmed module renders real published links → selected story opens its canonical shell.","E-SRC-REPO; E-BROWSER-PUBLIC","None observed in demonstrated scope.","shared app shell; content API; published article metadata","high","2026-09-02","M1","Pre-existing capability; Milestone 1 changes no homepage behavior."
"NC-GS-004","Homepage & Programming","Latest stories feed","Readers can scan a newest-first stream of current coverage.","The homepage latest feed orders published articles and links to canonical story routes.","✅","V3","/; index.html","assets/home-feed.js; assets/content-api.js","published articles via assets/content-api.js; data/articles.json fallback","Open homepage → programmed module renders real published links → selected story opens its canonical shell.","E-SRC-REPO; E-BROWSER-PUBLIC","None observed in demonstrated scope.","shared app shell; content API; published article metadata","high","2026-09-02","M1","Pre-existing capability; Milestone 1 changes no homepage behavior."
"NC-GS-005","Homepage & Programming","Homepage desk and topic shortcuts","Homepage programming provides paths into major desks or topics.","Curated desk links and collection modules route readers to category and What to Play surfaces.","✅","V2","/; index.html","index.html; assets/curated-collections.js; assets/home-what-to-play.js","published articles via assets/content-api.js; data/articles.json fallback","Open homepage → programmed module renders real published links → selected story opens its canonical shell.","E-SRC-REPO; E-AUDIT-PUBLIC","None observed in demonstrated scope.","shared app shell; content API; published article metadata","high","2026-09-02","M1","Pre-existing capability; Milestone 1 changes no homepage behavior."
"NC-GS-006","Homepage & Programming","Latest and popular programming modes","Readers can distinguish editorial recency from popularity-led programming.","Homepage and shared popularity modules expose Latest, Trending, and Most Read treatments.","🟡","V2","/; index.html","assets/home-feed.js; assets/popularity-signals.js","published articles via assets/content-api.js; data/articles.json fallback","Open homepage → programmed module renders real published links → selected story opens its canonical shell.","E-SRC-REPO; E-AUDIT-PUBLIC","Source and deterministic audits prove wiring, but this pass did not exercise every switch/window in a browser.","published articles; popularity RPC; analytics view signals","high","2026-09-02","M1","Pre-existing capability; Milestone 1 changes no homepage behavior."
"NC-GS-007","Homepage & Programming","Homepage latest reviews module","Recent scored reviews are discoverable directly from the homepage.","Review-tagged/format stories are selected into review programming and link to canonical reviews.","✅","V3","/; index.html","assets/home-feed.js; assets/review-intelligence.js","published articles via assets/content-api.js; data/articles.json fallback","Open homepage → programmed module renders real published links → selected story opens its canonical shell.","E-SRC-REPO; E-BROWSER-PUBLIC","None observed in demonstrated scope.","shared app shell; content API; published article metadata","high","2026-09-02","M1","Pre-existing capability; Milestone 1 changes no homepage behavior."
"NC-GS-008","Homepage & Programming","Curated recommendations programming","Editorial recommendations highlight what readers should play.","What to Play and curated collection modules use collection metadata and ranked previews.","✅","V3","/; index.html","assets/home-what-to-play.js; assets/curated-collections.js; assets/collection-ranking-preview.js","published articles via assets/content-api.js; data/articles.json fallback","Open homepage → programmed module renders real published links → selected story opens its canonical shell.","E-SRC-REPO; E-BROWSER-PUBLIC","None observed in demonstrated scope.","shared app shell; content API; published article metadata","high","2026-09-02","M1","Pre-existing capability; Milestone 1 changes no homepage behavior."
"NC-GS-009","Homepage & Programming","Video programming module","A dedicated homepage video module programs clips, trailers, or shows.","No owned video hub, playlist, or homepage video-programming module was found.","❌","V1","none found after homepage/article/navigation repository search","none found","none","Search templates, assets, data models, Studio fields, builders, and audits → no product video-programming journey found.","E-NEG-VIDEO","Missing dedicated capability; article prose or images do not provide a video-programming system.","No existing owner found; any future scope requires product approval.","low","2026-09-02","M1","Negative inventory only; this row does not authorize implementation."
"NC-GS-010","Homepage & Programming","Homepage newsletter acquisition","A reader can submit an email from the homepage and receive a confirmed subscription state.","The Weekly Drop form submits through the newsletter acquisition runtime and public Edge gateway.","🟡","V3","/; index.html","index.html; assets/newsletter.js; supabase/functions/public-actions/index.ts","newsletter_subscribers via public-actions Edge Function","Open homepage → enter a synthetic email → submit → real capture succeeds → source re-read/reload confirms state.","E-SRC-REPO; E-BROWSER-PUBLIC; E-PROVIDER-BLOCKED","Form rendering is browser-verified, but no synthetic email capture or reload/provider journey was authorized.","Supabase Edge Function; subscriber table; provider readiness","high","2026-09-02","M1","Pre-existing capability; Milestone 1 changes no homepage behavior."
"NC-GS-011","Navigation & Search","Global publication header","A consistent header exposes brand, primary sections, search, and account entry.","Shared app bootstrap injects the Neural Critic brand, desks, search, account, and theme controls.","✅","V3","shared header/footer; search.html; category and game links","assets/app.js; assets/publication-nav.js; assets/search-parity.js","static navigation; published article and author metadata","Use the visible navigation/search control → destination renders → canonical internal links remain usable.","E-SRC-REPO; E-BROWSER-PUBLIC","None observed in demonstrated scope.","shared header/footer hosts; app bootstrap; content API","high","2026-09-02","M1","Pre-existing shared navigation/search capability."
"NC-GS-012","Navigation & Search","Desktop dropdown navigation","Desktop readers can expand grouped publication destinations and follow them by keyboard or pointer.","Publication navigation renders desktop triggers and menus for coverage and games.","✅","V3","shared header/footer; search.html; category and game links","assets/publication-nav.js; assets/publication-nav.css","static navigation; published article and author metadata","Use the visible navigation/search control → destination renders → canonical internal links remain usable.","E-SRC-REPO; E-BROWSER-PUBLIC","None observed in demonstrated scope.","shared header/footer hosts; app bootstrap; content API","high","2026-09-02","M1","Pre-existing shared navigation/search capability."
"NC-GS-013","Navigation & Search","Mobile navigation","A compact mobile menu exposes the same core destinations without overflow.","Responsive navigation CSS/JS provides a mobile menu treatment.","🟡","V2","shared header/footer; search.html; category and game links","assets/publication-nav.js; assets/public-responsive.css","static navigation; published article and author metadata","Use the visible navigation/search control → destination renders → canonical internal links remain usable.","E-SRC-REPO; E-AUDIT-PUBLIC; E-MOBILE-BLOCKED","Responsive contracts are static-audited, but no real mobile viewport/device journey was available in this pass.","responsive breakpoints; shared navigation state","high","2026-09-02","M1","Pre-existing shared navigation/search capability."
"NC-GS-014","Navigation & Search","Category navigation","News, Reviews, Guides, Features, and recommendations are directly reachable.","Header/footer/category shortcuts route to canonical desk query states.","✅","V3","shared header/footer; search.html; category and game links","assets/app.js; assets/publication-nav.js; assets/search-parity.js","static navigation; published article and author metadata","Use the visible navigation/search control → destination renders → canonical internal links remain usable.","E-SRC-REPO; E-BROWSER-PUBLIC","None observed in demonstrated scope.","shared header/footer hosts; app bootstrap; content API","high","2026-09-02","M1","Pre-existing shared navigation/search capability."
"NC-GS-015","Navigation & Search","Games navigation","Readers can reach the games directory and game discovery surfaces globally.","Global navigation links to /games/ and generated game pages.","✅","V3","shared header/footer; search.html; category and game links","assets/publication-nav.js; games/index.html; assets/games-directory.js","static navigation; published article and author metadata","Use the visible navigation/search control → destination renders → canonical internal links remain usable.","E-SRC-REPO; E-BROWSER-PUBLIC","None observed in demonstrated scope.","shared header/footer hosts; app bootstrap; content API","high","2026-09-02","M1","Pre-existing shared navigation/search capability."
"NC-GS-016","Navigation & Search","Global search entry","Search can be opened from the publication chrome and accepts a reader query.","Header search entry routes to the dedicated Neural Critic search page.","✅","V3","shared header/footer; search.html; category and game links","assets/app.js; assets/publication-nav.js; search.html","static navigation; published article and author metadata","Use the visible navigation/search control → destination renders → canonical internal links remain usable.","E-SRC-REPO; E-BROWSER-PUBLIC","None observed in demonstrated scope.","shared header/footer hosts; app bootstrap; content API","high","2026-09-02","M1","Pre-existing shared navigation/search capability."
"NC-GS-017","Navigation & Search","Search results page","A query produces a usable ranked result page with article links.","search.html renders query-specific metadata and matching canonical story links.","✅","V3","shared header/footer; search.html; category and game links","assets/app.js; assets/publication-nav.js; assets/search-parity.js","static navigation; published article and author metadata","Use the visible navigation/search control → destination renders → canonical internal links remain usable.","E-SRC-REPO; E-BROWSER-SEARCH","None observed in demonstrated scope.","shared header/footer hosts; app bootstrap; content API","high","2026-09-02","M1","Pre-existing shared navigation/search capability."
"NC-GS-018","Navigation & Search","Cross-entity search","Search covers stories as well as relevant games, topics, or people.","Search results expose story matches plus topic and people suggestions from article/author identity.","✅","V3","shared header/footer; search.html; category and game links","search.html; assets/search-parity.js; assets/discovery-intelligence.js","static navigation; published article and author metadata","Use the visible navigation/search control → destination renders → canonical internal links remain usable.","E-SRC-REPO; E-BROWSER-SEARCH","None observed in demonstrated scope.","shared header/footer hosts; app bootstrap; content API","high","2026-09-02","M1","Pre-existing shared navigation/search capability."
"NC-GS-019","Navigation & Search","Reader account entry point","The global header exposes sign-in and account state consistently.","The shared reader account button opens the existing reader auth modal when signed out.","✅","V3","shared header/footer; search.html; category and game links","assets/reader-account.js; assets/reader-auth-v2.js; assets/community-core.js","static navigation; published article and author metadata","Use the visible navigation/search control → destination renders → canonical internal links remain usable.","E-SRC-REPO; E-BROWSER-SIGNED-OUT","None observed in demonstrated scope.","shared header/footer hosts; app bootstrap; content API","high","2026-09-02","M1","Pre-existing shared navigation/search capability."
"NC-GS-020","Navigation & Search","Global footer","A consistent footer provides editorial, policy, commercial, feed, and newsletter destinations.","Shared app bootstrap injects policy, editorial, RSS, and publication links into public pages.","✅","V3","shared header/footer; search.html; category and game links","assets/app.js; public page #shared-footer hosts","static navigation; published article and author metadata","Use the visible navigation/search control → destination renders → canonical internal links remain usable.","E-SRC-REPO; E-BROWSER-PUBLIC","None observed in demonstrated scope.","shared header/footer hosts; app bootstrap; content API","high","2026-09-02","M1","Pre-existing shared navigation/search capability."
"NC-GS-021","Article Core Runtime","Canonical story route","Every published story has a stable crawlable canonical URL.","Generated /stories/<slug>/ shells hydrate the shared article runtime with static metadata.","✅","V3","/stories/<slug>/; article.html?slug=<slug>","scripts/build_story_pages.py; stories/*/index.html; assets/story-router.js","live published articles with per-story and index JSON fallback","Open a published story → shared runtime resolves the slug → metadata and article modules render → internal actions use the clean story identity.","E-SRC-REPO; E-BROWSER-ARTICLE; E-CANONICAL-STATIC","None observed in demonstrated scope.","content API; generated story shells; shared article modules","critical","2026-09-02","M1","Protected Milestone 0 system; no runtime redesign is authorized."
"NC-GS-022","Article Core Runtime","Legacy runtime article route","Legacy/internal article links continue resolving to the same story experience.","article.html?slug=<slug> remains the compatibility runtime and renders the shared article.","✅","V3","/stories/<slug>/; article.html?slug=<slug>","article.html; assets/app.js; assets/content-api.js; assets/story-router.js","live published articles with per-story and index JSON fallback","Open a published story → shared runtime resolves the slug → metadata and article modules render → internal actions use the clean story identity.","E-SRC-REPO; E-CANONICAL-BROWSER","None observed in demonstrated scope.","content API; generated story shells; shared article modules","critical","2026-09-02","M1","Protected Milestone 0 system; no runtime redesign is authorized."
"NC-GS-023","Article Core Runtime","Article title, deck, byline, and dates","Core editorial identity and timestamps render from publication data.","The shared article renderer maps title, description, author, publishedAt, and updatedAt.","✅","V3","/stories/<slug>/; article.html?slug=<slug>","article.html; assets/app.js; assets/content-api.js; assets/story-router.js","live published articles with per-story and index JSON fallback","Open a published story → shared runtime resolves the slug → metadata and article modules render → internal actions use the clean story identity.","E-SRC-REPO; E-BROWSER-ARTICLE; E-CANONICAL-STATIC","None observed in demonstrated scope.","content API; generated story shells; shared article modules","critical","2026-09-02","M1","Protected Milestone 0 system; no runtime redesign is authorized."
"NC-GS-024","Article Core Runtime","Hero media","A story presents its primary visual with useful alternate text/credit.","Localized image metadata and article runtime render hero media with alt/credit fields.","✅","V3","/stories/<slug>/; article.html?slug=<slug>","assets/app.js; assets/local-assets.js; scripts/localize_images.py","live published articles with per-story and index JSON fallback","Open a published story → shared runtime resolves the slug → metadata and article modules render → internal actions use the clean story identity.","E-SRC-REPO; E-BROWSER-ARTICLE; E-CANONICAL-STATIC","None observed in demonstrated scope.","content API; generated story shells; shared article modules","critical","2026-09-02","M1","Protected Milestone 0 system; no runtime redesign is authorized."
"NC-GS-025","Article Core Runtime","Article body rendering","Long-form body content renders safely and legibly across supported formats.","Shared article runtime renders body/content blocks for all published rows.","✅","V3","/stories/<slug>/; article.html?slug=<slug>","article.html; assets/app.js; assets/content-api.js; assets/story-router.js","live published articles with per-story and index JSON fallback","Open a published story → shared runtime resolves the slug → metadata and article modules render → internal actions use the clean story identity.","E-SRC-REPO; E-BROWSER-ARTICLE; E-CANONICAL-STATIC","None observed in demonstrated scope.","content API; generated story shells; shared article modules","critical","2026-09-02","M1","Protected Milestone 0 system; no runtime redesign is authorized."
"NC-GS-026","Article Core Runtime","Reading Map","Long articles expose an in-page navigational outline.","Reading Map is derived from article sections with progress and active-section behavior.","✅","V3","/stories/<slug>/; article.html?slug=<slug>","assets/article-sidebar-interactive.js; assets/article-deep-link.js","live published articles with per-story and index JSON fallback","Open a published story → shared runtime resolves the slug → metadata and article modules render → internal actions use the clean story identity.","E-SRC-REPO; E-BROWSER-ARTICLE; E-CANONICAL-STATIC","None observed in demonstrated scope.","content API; generated story shells; shared article modules","critical","2026-09-02","M1","Protected Milestone 0 system; no runtime redesign is authorized."
"NC-GS-027","Article Core Runtime","Section deep links","Readers can navigate directly to stable article sections.","Heading IDs, Reading Map links, and article deep-link handling preserve section targets.","✅","V3","/stories/<slug>/; article.html?slug=<slug>","assets/article-deep-link.js; assets/article-sidebar-interactive.js","live published articles with per-story and index JSON fallback","Open a published story → shared runtime resolves the slug → metadata and article modules render → internal actions use the clean story identity.","E-SRC-REPO; E-BROWSER-ARTICLE; E-CANONICAL-STATIC","None observed in demonstrated scope.","content API; generated story shells; shared article modules","critical","2026-09-02","M1","Protected Milestone 0 system; no runtime redesign is authorized."
"NC-GS-028","Article Core Runtime","Canonical metadata consistency across article routes","Clean and legacy routes expose one canonical, OG URL, schema identity, and share URL.","Clean story shells and the legacy runtime now consume Story Router's single clean canonical contract.","🟡","V3","/stories/<slug>/; article.html?slug=<slug>","scripts/build_story_pages.py; assets/public-hardening.js; assets/story-router.js; assets/app.js","live published articles with per-story and index JSON fallback","Open the same slug on both routes → wait for hydration → compare canonical, og:url, schema, and Share output.","E-CANONICAL-STATIC; E-CANONICAL-BROWSER; E-PROTECTED-RUNTIME-M2; E-CANONICAL-BROWSER-M3","Exact legacy runtime canonical/OG/schema/breadcrumb/Share ownership passed in a real browser; clean-shell runtime hydration was blocked by the subpath canary, so route parity is not promoted beyond V3.","story shell bootstrap; public-hardening timing; story router","critical","2026-09-02","M3","The pre-existing race remains fixed; no canonical route redesign occurred and the remaining canary limitation is explicit."
"NC-GS-029","Article Core Runtime","Live Supabase and generated fallback parity","The article runtime serves equivalent published content when the live source is unavailable.","content-api prefers Supabase and falls back to exact generated index/detail JSON.","🟡","V2","/stories/<slug>/; article.html?slug=<slug>","assets/content-api.js; scripts/build_runtime_fallback.py; data/articles.json; data/articles/*.json","live published articles with per-story and index JSON fallback","Fetch live published rows through the production mapper → compare exact ordered rows/details → force live failure in browser → verify equivalent render.","E-PARITY-LIVE; E-SRC-REPO","Exact 53/53 data parity is proven, but a controlled browser outage/failover render was not exercised.","Supabase public read; fallback builder; browser fetch interception","critical","2026-09-02","M1","Protected Milestone 0 system; no runtime redesign is authorized."
"NC-GS-030","Article Core Runtime","Article error and retry states","Missing, slow, or failed content produces an honest recoverable state.","Runtime integrity/content modules contain timeout, error, and fallback handling.","🟡","V2","/stories/<slug>/; article.html?slug=<slug>","assets/article-runtime-integrity.js; assets/content-api.js; assets/app.js","live published articles with per-story and index JSON fallback","Induce missing/failed article fetch → observe explicit state → retry or fallback → no false success.","E-SRC-REPO; E-AUDIT-PUBLIC","Handlers are statically verified; destructive/network-fault browser injection was not performed.","fetch timing; fallback assets; integrity watchdog","high","2026-09-02","M1","Protected Milestone 0 system; no runtime redesign is authorized."
"NC-GS-031","Article Formats & Media","Standard news format","Timely reporting supports source context, updates, and standard article structure.","Standard NEWS stories render through the shared runtime with optional news/source metadata.","✅","V3","canonical stories selected by articleFormat/contentBlocks","assets/article-news.js; assets/app.js; assets/developing-story-timeline.js","article_format; body; content_blocks; quick_read; conclusion; media metadata","Open a representative formatted story → format-specific structure renders from existing data → core article runtime remains intact.","E-SRC-REPO; E-BROWSER-ARTICLE","None observed in deterministic scope.","shared article runtime; structured article fields","high","2026-09-02","M1","Existing article formats are inventory, not redesign targets."
"NC-GS-032","Article Formats & Media","Feature and analysis format","Long-form analysis supports sections, media, author context, and recirculation.","Standard FEATURE stories use the full long-form article runtime and Reading Map.","✅","V2","canonical stories selected by articleFormat/contentBlocks","assets/app.js; assets/article-formatting.js; assets/article-editorial.js","article_format; body; content_blocks; quick_read; conclusion; media metadata","Open a representative formatted story → format-specific structure renders from existing data → core article runtime remains intact.","E-SRC-REPO; E-AUDIT-PUBLIC","None observed in deterministic scope.","shared article runtime; structured article fields","high","2026-09-02","M1","Existing article formats are inventory, not redesign targets."
"NC-GS-033","Article Formats & Media","Review format","Reviews combine editorial body with verdict, score, pros/cons, and game facts.","articleFormat=review activates review metadata and dedicated presentation/schema modules.","✅","V3","canonical stories selected by articleFormat/contentBlocks","assets/review-parity.js; assets/review-score-reactor.js; assets/review-intelligence.js","article_format; body; content_blocks; quick_read; conclusion; media metadata","Open a representative formatted story → format-specific structure renders from existing data → core article runtime remains intact.","E-SRC-REPO; E-BROWSER-ARTICLE","None observed in deterministic scope.","shared article runtime; structured article fields","high","2026-09-02","M1","Existing article formats are inventory, not redesign targets."
"NC-GS-034","Article Formats & Media","Game guide format","Guides provide structured steps, requirements, tips, and navigable sections.","articleFormat=game-guide and structured content blocks render guide sections and maps.","✅","V2","canonical stories selected by articleFormat/contentBlocks","assets/app.js; assets/article-formatting.js; studio.html","article_format; body; content_blocks; quick_read; conclusion; media metadata","Open a representative formatted story → format-specific structure renders from existing data → core article runtime remains intact.","E-SRC-REPO; E-AUDIT-PUBLIC","None observed in deterministic scope.","shared article runtime; structured article fields","high","2026-09-02","M1","Existing article formats are inventory, not redesign targets."
"NC-GS-035","Article Formats & Media","Ranked and best-list format","Ordered editorial lists preserve position, item identity, explanation, and media.","articleFormat=ranked-list renders ordered contentBlocks and ranking previews.","✅","V2","canonical stories selected by articleFormat/contentBlocks","assets/ranked-parity.js; assets/collection-ranking-preview.js","article_format; body; content_blocks; quick_read; conclusion; media metadata","Open a representative formatted story → format-specific structure renders from existing data → core article runtime remains intact.","E-SRC-REPO; E-AUDIT-PUBLIC","None observed in deterministic scope.","shared article runtime; structured article fields","high","2026-09-02","M1","Existing article formats are inventory, not redesign targets."
"NC-GS-036","Article Formats & Media","Structured content blocks","The CMS/runtime support reusable typed editorial sections instead of body-only prose.","contentBlocks carry headings, text, subtitles, images, metadata, and ranking positions.","✅","V2","canonical stories selected by articleFormat/contentBlocks","assets/article-formatting.js; assets/studio-formatting.js; data/articles/*.json","article_format; body; content_blocks; quick_read; conclusion; media metadata","Open a representative formatted story → format-specific structure renders from existing data → core article runtime remains intact.","E-SRC-REPO; E-AUDIT-PUBLIC","None observed in deterministic scope.","shared article runtime; structured article fields","high","2026-09-02","M1","Existing article formats are inventory, not redesign targets."
"NC-GS-037","Article Formats & Media","Quick Read summary","Long stories can expose a concise up-front summary.","quickRead data renders the Quick Read module in the shared article page.","✅","V3","canonical stories selected by articleFormat/contentBlocks","assets/app.js; assets/article-editorial.js","article_format; body; content_blocks; quick_read; conclusion; media metadata","Open a representative formatted story → format-specific structure renders from existing data → core article runtime remains intact.","E-SRC-REPO; E-BROWSER-ARTICLE","None observed in deterministic scope.","shared article runtime; structured article fields","high","2026-09-02","M1","Existing article formats are inventory, not redesign targets."
"NC-GS-038","Article Formats & Media","Editorial conclusion block","A structured conclusion or final verdict closes long-form stories.","Conclusion fields and heading styles render a dedicated conclusion module.","✅","V2","canonical stories selected by articleFormat/contentBlocks","assets/article-conclusion.js; assets/studio-conclusion.js","article_format; body; content_blocks; quick_read; conclusion; media metadata","Open a representative formatted story → format-specific structure renders from existing data → core article runtime remains intact.","E-SRC-REPO; E-AUDIT-PUBLIC","None observed in deterministic scope.","shared article runtime; structured article fields","high","2026-09-02","M1","Existing article formats are inventory, not redesign targets."
"NC-GS-039","Article Formats & Media","Image captions, alt text, and credits","Editorial images carry accessible description and attribution.","Hero and block image fields include alt/credit metadata and localized asset mapping.","✅","V3","canonical stories selected by articleFormat/contentBlocks","assets/local-assets.js; assets/article-formatting.js; scripts/localize_images.py","article_format; body; content_blocks; quick_read; conclusion; media metadata","Open a representative formatted story → format-specific structure renders from existing data → core article runtime remains intact.","E-SRC-REPO; E-AUDIT-PUBLIC; E-ARTICLE-BROWSER-M3","Representative exact-branch article media exposed matching alt text, caption, and credit; broader format coverage remains deterministic rather than exhaustive browser proof.","shared article runtime; structured article fields","high","2026-09-02","M3","Promoted to V3 only from observed browser media metadata; no format/runtime redesign."
"NC-GS-040","Article Formats & Media","Image viewer and gallery interaction","Readers can inspect editorial images in an accessible enlarged view or gallery.","The image-viewer module enhances article media with a lightbox-style viewer.","🟡","V3","canonical stories selected by articleFormat/contentBlocks","assets/image-viewer.js; assets/image-viewer.css","article_format; body; content_blocks; quick_read; conclusion; media metadata","Open a story with eligible media → activate image → viewer opens → close by control and keyboard → focus returns.","E-SRC-REPO; E-AUDIT-PUBLIC; E-ARTICLE-BROWSER-M3; E-INTERACTION-M3","Viewer open/close, pointer, keyboard, content, and Escape behavior passed, but Escape leaves focus on BODY rather than restoring the invoking image (BUG-M3-03).","eligible article image markup; accessibility hooks","medium","2026-09-02","M3","V3 records actual interaction without treating the focus-restoration defect as complete."
"NC-GS-041","Reviews & Scoring","Reviews directory","A dedicated review index lets readers browse scored verdicts.","/reviews/ renders score context, highest-rated games, and all verdicts.","✅","V3","/reviews/; review story routes; game review surfaces","reviews/index.html; assets/review-intelligence.js; assets/review-parity.js; assets/public-hardening.js","published review articles; reviewMeta; Game Graph mappings","Open review discovery or a canonical review → score/context/facts render → linked game and story routes remain valid.","E-SRC-REPO; E-BROWSER-PUBLIC; E-BROWSER-ARTICLE; E-PROTECTED-RUNTIME-M2; E-TITLE-BROWSER-M3","Directory behavior was browser-verified on Milestone 1 and the exact shell retained its Reviews title; post-script exact-canary settlement was blocked by the canary base path.","review metadata; article runtime; game identity","high","2026-09-02","M3","Existing review system remains protected; exact evidence is recorded without overstating subpath-canary hydration."
"NC-GS-042","Reviews & Scoring","Review score display","Each scored review presents a clear numeric score and label.","Review score reactor and parity modules render score badges and context.","✅","V3","/reviews/; review story routes; game review surfaces","reviews/index.html; assets/review-intelligence.js; assets/review-parity.js","published review articles; reviewMeta; Game Graph mappings","Open review discovery or a canonical review → score/context/facts render → linked game and story routes remain valid.","E-SRC-REPO; E-BROWSER-PUBLIC; E-BROWSER-ARTICLE","None observed in demonstrated scope.","review metadata; article runtime; game identity","high","2026-09-02","M1","Existing review system is protected from wholesale rewrite."
"NC-GS-043","Reviews & Scoring","Consistent ten-point scoring model","Scores use a documented common scale that is comparable across reviews.","Review metadata and schema use a 0–10 scale with contextual labels.","✅","V2","/reviews/; review story routes; game review surfaces","reviews/index.html; assets/review-intelligence.js; assets/review-parity.js","published review articles; reviewMeta; Game Graph mappings","Open review discovery or a canonical review → score/context/facts render → linked game and story routes remain valid.","E-SRC-REPO; E-AUDIT-PUBLIC","None observed in demonstrated scope.","review metadata; article runtime; game identity","high","2026-09-02","M1","Existing review system is protected from wholesale rewrite."
"NC-GS-044","Reviews & Scoring","Review verdict","A concise verdict explains the score independently of the long body.","reviewMeta.verdict and conclusion render a dedicated verdict treatment.","✅","V3","/reviews/; review story routes; game review surfaces","reviews/index.html; assets/review-intelligence.js; assets/review-parity.js","published review articles; reviewMeta; Game Graph mappings","Open review discovery or a canonical review → score/context/facts render → linked game and story routes remain valid.","E-SRC-REPO; E-BROWSER-PUBLIC; E-BROWSER-ARTICLE","None observed in demonstrated scope.","review metadata; article runtime; game identity","high","2026-09-02","M1","Existing review system is protected from wholesale rewrite."
"NC-GS-045","Reviews & Scoring","Review strengths and weaknesses","Readers can scan explicit positive and negative findings.","reviewMeta pros/cons render The Good/The Bad style lists and Review schema notes.","✅","V3","/reviews/; review story routes; game review surfaces","reviews/index.html; assets/review-intelligence.js; assets/review-parity.js","published review articles; reviewMeta; Game Graph mappings","Open review discovery or a canonical review → score/context/facts render → linked game and story routes remain valid.","E-SRC-REPO; E-BROWSER-PUBLIC; E-BROWSER-ARTICLE","None observed in demonstrated scope.","review metadata; article runtime; game identity","high","2026-09-02","M1","Existing review system is protected from wholesale rewrite."
"NC-GS-046","Reviews & Scoring","Tested platform metadata","A review states the platform/build context used for evaluation.","reviewMeta.testedPlatform is rendered and audited where populated.","🟡","V2","/reviews/; review story routes; game review surfaces","assets/review-parity.js; scripts/audit_review_intelligence.py; data/articles/*.json","published review articles; reviewMeta; Game Graph mappings","Open review discovery or a canonical review → score/context/facts render → linked game and story routes remain valid.","E-SRC-REPO; E-AUDIT-PUBLIC","Three pre-existing reviews lack tested-platform metadata: Baldur's Gate 3, Red Dead Redemption 2, and Super Mario Odyssey.","complete reviewMeta on every review","medium","2026-09-02","M1","Existing review system is protected from wholesale rewrite."
"NC-GS-047","Reviews & Scoring","Developer, publisher, and release facts","Reviews expose core game facts beside editorial judgment.","Review details render developer, publisher, release date, platform, and genre fields when present.","✅","V2","/reviews/; review story routes; game review surfaces","assets/review-parity.js; assets/review-intelligence.js","published review articles; reviewMeta; Game Graph mappings","Open review discovery or a canonical review → score/context/facts render → linked game and story routes remain valid.","E-SRC-REPO; E-BROWSER-PUBLIC; E-BROWSER-ARTICLE","None observed in demonstrated scope.","review metadata; article runtime; game identity","high","2026-09-02","M1","Existing review system is protected from wholesale rewrite."
"NC-GS-048","Reviews & Scoring","Review sorting and filtering","Readers can order or narrow the review archive by useful score/time dimensions.","Reviews intelligence builds score-led and all-verdict groupings from review data.","🟡","V2","/reviews/; review story routes; game review surfaces","reviews/index.html; assets/review-intelligence.js; assets/review-parity.js","published review articles; reviewMeta; Game Graph mappings","Open /reviews/ → change available ranking/filter control → result order/count updates without losing links.","E-SRC-REPO; E-BROWSER-PUBLIC","Directory rendered in browser, but every sort/filter state was not exercised.","complete review metadata; reviews runtime","medium","2026-09-02","M1","Existing review system is protected from wholesale rewrite."
"NC-GS-049","Reviews & Scoring","Game-to-review score linkage","Game pages and review indexes agree on the official publication score.","Game Graph identity joins mapped review stories to game-page verdict surfaces.","🟡","V2","/reviews/; review story routes; game review surfaces","assets/game-page.js; assets/review-intelligence.js; scripts/audit_games_database.py","published review articles; reviewMeta; Game Graph mappings","Open review discovery or a canonical review → score/context/facts render → linked game and story routes remain valid.","E-SRC-REPO; E-AUDIT-PUBLIC","Game mapping coverage is incomplete, so not every review can join a generated game page.","article gameKey; game record; reviewMeta","high","2026-09-02","M1","Existing review system is protected from wholesale rewrite."
"NC-GS-050","Reviews & Scoring","Review structured data","Search engines receive valid Review/VideoGame/rating metadata matching the visible verdict.","Canonical review shells emit Review JSON-LD with rating, itemReviewed, and pros/cons.","✅","V2","/reviews/; review story routes; game review surfaces","scripts/build_story_pages.py; stories/*/index.html","published review articles; reviewMeta; Game Graph mappings","Open review discovery or a canonical review → score/context/facts render → linked game and story routes remain valid.","E-CANONICAL-STATIC; E-AUDIT-PUBLIC","None observed in demonstrated scope.","review metadata; article runtime; game identity","high","2026-09-02","M1","Existing review system is protected from wholesale rewrite."
"NC-GS-051","Guides, Rankings & Collections","Guides discovery","Readers can browse a dedicated stream of practical guides.","The Guides desk filters and renders published game-guide coverage.","✅","V3","category.html?section=guides; What to Play; ranked story routes","assets/what-to-play-hub.js; assets/curated-collections.js; assets/ranked-parity.js","published guide/ranked articles; contentBlocks; collection metadata","Discover a guide/list → open canonical story → structured order/steps and connected coverage render.","E-SRC-REPO; E-BROWSER-PUBLIC","None observed in deterministic scope.","article formats; collection metadata; content API","medium","2026-09-02","M1","Inventory preserves the current format and curation owners."
"NC-GS-052","Guides, Rankings & Collections","Numbered step and requirement guide structure","Guides can encode ordered steps, prerequisites, tips, and locations.","game-guide contentBlocks and Studio controls support structured guide fields.","✅","V2","category.html?section=guides; What to Play; ranked story routes","assets/article-formatting.js; assets/studio-formatting.js; studio.html","published guide/ranked articles; contentBlocks; collection metadata","Discover a guide/list → open canonical story → structured order/steps and connected coverage render.","E-SRC-REPO; E-AUDIT-PUBLIC","None observed in deterministic scope.","article formats; collection metadata; content API","medium","2026-09-02","M1","Inventory preserves the current format and curation owners."
"NC-GS-053","Guides, Rankings & Collections","Guide Reading Map","Long guides provide fast navigation among steps/sections.","The shared Reading Map derives links from guide headings.","✅","V2","category.html?section=guides; What to Play; ranked story routes","assets/article-sidebar-interactive.js; assets/article-deep-link.js","published guide/ranked articles; contentBlocks; collection metadata","Discover a guide/list → open canonical story → structured order/steps and connected coverage render.","E-SRC-REPO; E-AUDIT-PUBLIC","None observed in deterministic scope.","article formats; collection metadata; content API","medium","2026-09-02","M1","Inventory preserves the current format and curation owners."
"NC-GS-054","Guides, Rankings & Collections","Ranked ordering and positions","Ranked lists preserve explicit item order and visible positions.","ranked-list contentBlocks store and render ordered positions.","✅","V2","category.html?section=guides; What to Play; ranked story routes","assets/ranked-parity.js; data/articles/*.json","published guide/ranked articles; contentBlocks; collection metadata","Discover a guide/list → open canonical story → structured order/steps and connected coverage render.","E-SRC-REPO; E-AUDIT-PUBLIC","None observed in deterministic scope.","article formats; collection metadata; content API","medium","2026-09-02","M1","Inventory preserves the current format and curation owners."
"NC-GS-055","Guides, Rankings & Collections","Best-list collection and year metadata","Living best lists carry collection identity and editorial year/context.","collection and collectionYear fields organize recommendation franchises.","✅","V2","category.html?section=guides; What to Play; ranked story routes","assets/curated-collections.js; assets/studio-formatting.js","published guide/ranked articles; contentBlocks; collection metadata","Discover a guide/list → open canonical story → structured order/steps and connected coverage render.","E-SRC-REPO; E-AUDIT-PUBLIC","None observed in deterministic scope.","article formats; collection metadata; content API","medium","2026-09-02","M1","Inventory preserves the current format and curation owners."
"NC-GS-056","Guides, Rankings & Collections","Ranked item preview cards","Discovery surfaces preview ordered items before a reader opens the full list.","Collection ranking preview derives top entries from structured ranked blocks.","✅","V2","category.html?section=guides; What to Play; ranked story routes","assets/collection-ranking-preview.js","published guide/ranked articles; contentBlocks; collection metadata","Discover a guide/list → open canonical story → structured order/steps and connected coverage render.","E-SRC-REPO; E-AUDIT-PUBLIC","None observed in deterministic scope.","article formats; collection metadata; content API","medium","2026-09-02","M1","Inventory preserves the current format and curation owners."
"NC-GS-057","Guides, Rankings & Collections","Curated collection tags","Editorial collections group related recommendations across platforms/genres.","collection metadata and curated collection modules group recommendation stories.","✅","V2","category.html?section=guides; What to Play; ranked story routes","assets/curated-collections.js; assets/curated-article.js","published guide/ranked articles; contentBlocks; collection metadata","Discover a guide/list → open canonical story → structured order/steps and connected coverage render.","E-SRC-REPO; E-AUDIT-PUBLIC","None observed in deterministic scope.","article formats; collection metadata; content API","medium","2026-09-02","M1","Inventory preserves the current format and curation owners."
"NC-GS-058","Guides, Rankings & Collections","What to Play hub","A recommendation hub helps readers choose games across current editorial lists.","The What to Play desk and homepage module aggregate recommendation collections.","✅","V3","category.html?section=guides; What to Play; ranked story routes","assets/what-to-play-hub.js; assets/home-what-to-play.js","published guide/ranked articles; contentBlocks; collection metadata","Discover a guide/list → open canonical story → structured order/steps and connected coverage render.","E-SRC-REPO; E-BROWSER-PUBLIC","None observed in deterministic scope.","article formats; collection metadata; content API","medium","2026-09-02","M1","Inventory preserves the current format and curation owners."
"NC-GS-059","Guides, Rankings & Collections","Upcoming-games editorial discovery","Readers can discover future releases and editorially tracked upcoming games.","Upcoming story coverage and release-state directory controls exist.","🟡","V3","category.html?section=guides; What to Play; ranked story routes","assets/games-directory.js; data/articles.json; games/index.html","published guide/ranked articles; contentBlocks; collection metadata","Discover a guide/list → open canonical story → structured order/steps and connected coverage render.","E-SRC-REPO; E-BROWSER-GAMES","The observed Upcoming directory state contains 0 mapped game records despite upcoming coverage stories.","mapped game rows with future release dates; article gameKey","medium","2026-09-02","M1","Inventory preserves the current format and curation owners."
"NC-GS-060","Guides, Rankings & Collections","Structured comparison or buying-guide format","Editors can compare multiple products/games against consistent criteria.","No structured comparison/buying-guide article format or owner was found.","❌","V1","none found after format/Studio/runtime search","none found","none","Search allowed article formats, Studio controls, runtime renderers, data, routes, and audits → no comparison format found.","E-NEG-COMPARISON","Missing structured capability; ordinary prose comparisons do not satisfy the benchmark.","No existing owner found; future work requires an approved format decision.","low","2026-09-02","M1","Negative inventory only; do not implement in this milestone."
"NC-GS-061","Categories, Authors & Editorial Desks","News desk","A dedicated news section presents current reporting and updates.","category.html?section=news filters NEWS coverage and news-specific enhancements.","✅","V3","category.html desk states; author.html; generated author pages; policy pages","assets/category-news.js; assets/category-parity.js","published article category/editorialSection/platforms; data/authors.json","Open desk/author/policy destination → correct filtered content and metadata render → story links stay canonical.","E-SRC-REPO; E-BROWSER-PUBLIC","None observed in demonstrated scope.","content API; desk query contract; author data","medium","2026-09-02","M1","Existing category and author information architecture."
"NC-GS-062","Categories, Authors & Editorial Desks","Reviews desk","A dedicated reviews section exposes recent review coverage.","category.html?section=reviews filters review stories with canonical desk metadata.","✅","V3","category.html desk states; author.html; generated author pages; policy pages","category.html; assets/category-parity.js; assets/category-editorial-v3.js; assets/author-system.js","published article category/editorialSection/platforms; data/authors.json","Open desk/author/policy destination → correct filtered content and metadata render → story links stay canonical.","E-SRC-REPO; E-BROWSER-PUBLIC","None observed in demonstrated scope.","content API; desk query contract; author data","medium","2026-09-02","M1","Existing category and author information architecture."
"NC-GS-063","Categories, Authors & Editorial Desks","Guides desk","A dedicated guides section exposes practical help coverage.","category.html?section=guides filters guide stories and curated modules.","✅","V3","category.html desk states; author.html; generated author pages; policy pages","category.html; assets/category-parity.js; assets/category-editorial-v3.js; assets/author-system.js","published article category/editorialSection/platforms; data/authors.json","Open desk/author/policy destination → correct filtered content and metadata render → story links stay canonical.","E-SRC-REPO; E-BROWSER-PUBLIC","None observed in demonstrated scope.","content API; desk query contract; author data","medium","2026-09-02","M1","Existing category and author information architecture."
"NC-GS-064","Categories, Authors & Editorial Desks","Features desk","A dedicated features section exposes analysis and long-form work.","category.html?section=features filters feature/analysis coverage.","✅","V3","category.html desk states; author.html; generated author pages; policy pages","category.html; assets/category-parity.js; assets/category-editorial-v3.js; assets/author-system.js","published article category/editorialSection/platforms; data/authors.json","Open desk/author/policy destination → correct filtered content and metadata render → story links stay canonical.","E-SRC-REPO; E-BROWSER-PUBLIC","None observed in demonstrated scope.","content API; desk query contract; author data","medium","2026-09-02","M1","Existing category and author information architecture."
"NC-GS-065","Categories, Authors & Editorial Desks","Platform desks and filters","Readers can narrow coverage by platform.","Article platforms and category editorial controls provide platform-led filtering/labels.","✅","V2","category.html desk states; author.html; generated author pages; policy pages","assets/category-editorial-v3.js; assets/curated-desks-v2.css","published article category/editorialSection/platforms; data/authors.json","Open desk/author/policy destination → correct filtered content and metadata render → story links stay canonical.","E-SRC-REPO; E-BROWSER-PUBLIC","None observed in demonstrated scope.","content API; desk query contract; author data","medium","2026-09-02","M1","Existing category and author information architecture."
"NC-GS-066","Categories, Authors & Editorial Desks","Canonical category filter metadata","Filtered desk states have stable non-conflicting titles and canonical URLs.","Inline category metadata logic normalizes legacy category params to section states.","✅","V2","category.html desk states; author.html; generated author pages; policy pages","category.html; assets/category-parity.js","published article category/editorialSection/platforms; data/authors.json","Open desk/author/policy destination → correct filtered content and metadata render → story links stay canonical.","E-SRC-REPO; E-AUDIT-PUBLIC","None observed in demonstrated scope.","content API; desk query contract; author data","medium","2026-09-02","M1","Existing category and author information architecture."
"NC-GS-067","Categories, Authors & Editorial Desks","Linked article bylines","Article bylines identify the author and link to their profile.","Article runtime resolves author metadata and generated author URL.","✅","V3","category.html desk states; author.html; generated author pages; policy pages","assets/author-system.js; assets/app.js","published article category/editorialSection/platforms; data/authors.json","Open desk/author/policy destination → correct filtered content and metadata render → story links stay canonical.","E-SRC-REPO; E-BROWSER-PUBLIC","None observed in demonstrated scope.","content API; desk query contract; author data","medium","2026-09-02","M1","Existing category and author information architecture."
"NC-GS-068","Categories, Authors & Editorial Desks","Author hub pages","Author pages show identity, bio, role, and published work.","Generated /authors/<slug>/ shells hydrate author.html with data/authors.json and story listings.","✅","V2","category.html desk states; author.html; generated author pages; policy pages","author.html; scripts/build_author_pages.py; assets/author-system.js","published article category/editorialSection/platforms; data/authors.json","Open desk/author/policy destination → correct filtered content and metadata render → story links stay canonical.","E-SRC-REPO; E-BROWSER-PUBLIC","None observed in demonstrated scope.","content API; desk query contract; author data","medium","2026-09-02","M1","Existing category and author information architecture."
"NC-GS-069","Categories, Authors & Editorial Desks","Author follows","Signed-in readers can follow an author and retain that preference.","Community runtime maps author follow controls to author_follows.","🟡","V3","category.html desk states; author.html; generated author pages; policy pages","assets/community-core.js; assets/author-system.js","author_follows; Supabase Auth","Sign in → follow author → confirmed table write → UI updates → reload retains following → unfollow cleanup.","E-SRC-REPO; E-BROWSER-ARTICLE; E-AUTH-BLOCKED; E-INTERACTION-M3; E-AUTH-FIXTURE-BLOCKED-M3","Exact-branch signed-out activation reaches sign-in, but the initial control misleadingly says FOLLOWING (BUG-M3-02); no safe identity existed for write/reload proof.","reader session; author_follows RLS; author identity","high","2026-09-02","M3","Existing owner preserved; the UI inconsistency is recorded rather than repaired in this evidence-only milestone."
"NC-GS-070","Categories, Authors & Editorial Desks","About, standards, and commercial disclosure pages","The publication exposes editorial identity, standards, privacy, terms, and commercial policy.","Static About, Standards, Privacy, Terms, and Commercial pages are linked globally.","✅","V2","category.html desk states; author.html; generated author pages; policy pages","about.html; standards.html; privacy.html; terms.html; commercial.html; assets/app.js","published article category/editorialSection/platforms; data/authors.json","Open desk/author/policy destination → correct filtered content and metadata render → story links stay canonical.","E-SRC-REPO; E-BROWSER-PUBLIC","None observed in demonstrated scope.","content API; desk query contract; author data","medium","2026-09-02","M1","Existing category and author information architecture."
"NC-GS-071","Games Database & Game Pages","Games directory","A dedicated directory lists game entities independently of stories.","/games/ renders mapped game records with search and filters.","✅","V3","/games/; /games/<slug>/; game.html","games/index.html; assets/games-directory.js; assets/game-page.js; assets/public-hardening.js","Supabase games/views plus article-derived fallback and generated game shells","Open game directory → search/filter → open a game → facts and connected stories render.","E-SRC-REPO; E-BROWSER-GAMES; E-PROTECTED-RUNTIME-M2; E-TITLE-BROWSER-M3","Directory behavior was browser-verified on Milestone 1 and the exact shell retained its Games title; post-script exact-canary settlement was blocked by the canary base path.","games database views; article game identity; generated game pages","high","2026-09-02","M3","The Games Database remains the existing owner; exact evidence is recorded without overstating subpath-canary hydration."
"NC-GS-072","Games Database & Game Pages","Game directory search","Readers can narrow game entities by title.","Client-side game search updates the result count and cards.","✅","V3","/games/; /games/<slug>/; game.html","games/index.html; assets/games-directory.js; assets/game-page.js","Supabase games/views plus article-derived fallback and generated game shells","Open game directory → search/filter → open a game → facts and connected stories render.","E-SRC-REPO; E-BROWSER-GAMES","None observed in demonstrated scope.","games database views; article game identity; generated game pages","high","2026-09-02","M1","Game database and pages are existing systems, not Milestone 1 additions."
"NC-GS-073","Games Database & Game Pages","Game platform filter","Readers can filter games by supported platform.","The directory exposes platform controls derived from game data.","✅","V2","/games/; /games/<slug>/; game.html","assets/games-directory.js; scripts/audit_games_directory.py","Supabase games/views plus article-derived fallback and generated game shells","Open game directory → search/filter → open a game → facts and connected stories render.","E-SRC-REPO; E-BROWSER-GAMES","None observed in demonstrated scope.","games database views; article game identity; generated game pages","high","2026-09-02","M1","Game database and pages are existing systems, not Milestone 1 additions."
"NC-GS-074","Games Database & Game Pages","Game genre filter","Readers can filter games by genre.","The directory exposes genre controls derived from game rows.","✅","V2","/games/; /games/<slug>/; game.html","games/index.html; assets/games-directory.js; assets/game-page.js","Supabase games/views plus article-derived fallback and generated game shells","Open game directory → search/filter → open a game → facts and connected stories render.","E-SRC-REPO; E-BROWSER-GAMES","None observed in demonstrated scope.","games database views; article game identity; generated game pages","high","2026-09-02","M1","Game database and pages are existing systems, not Milestone 1 additions."
"NC-GS-075","Games Database & Game Pages","Game release-year filter","Readers can filter games by release year.","The directory exposes year controls and result counts.","✅","V2","/games/; /games/<slug>/; game.html","games/index.html; assets/games-directory.js; assets/game-page.js","Supabase games/views plus article-derived fallback and generated game shells","Open game directory → search/filter → open a game → facts and connected stories render.","E-SRC-REPO; E-BROWSER-GAMES","None observed in demonstrated scope.","games database views; article game identity; generated game pages","high","2026-09-02","M1","Game database and pages are existing systems, not Milestone 1 additions."
"NC-GS-076","Games Database & Game Pages","Release calendar","A game directory distinguishes upcoming and released titles over time.","Release date/year data powers release-state tabs and ordering.","✅","V3","/games/; /games/<slug>/; game.html","games/index.html; assets/games-directory.js; assets/game-page.js","Supabase games/views plus article-derived fallback and generated game shells","Open game directory → search/filter → open a game → facts and connected stories render.","E-SRC-REPO; E-BROWSER-GAMES","None observed in demonstrated scope.","games database views; article game identity; generated game pages","high","2026-09-02","M1","Game database and pages are existing systems, not Milestone 1 additions."
"NC-GS-077","Games Database & Game Pages","Upcoming, released, and scored states","Readers can switch among upcoming, released, and reviewed game subsets.","Directory tabs expose release/scored states.","🟡","V3","/games/; /games/<slug>/; game.html","games/index.html; assets/games-directory.js; assets/game-page.js","Supabase games/views plus article-derived fallback and generated game shells","Open game directory → search/filter → open a game → facts and connected stories render.","E-SRC-REPO; E-BROWSER-GAMES","Controls render, but the observed Upcoming state has 0 mapped games; full data coverage is unproven.","games database views; article game identity; generated game pages","high","2026-09-02","M1","Game database and pages are existing systems, not Milestone 1 additions."
"NC-GS-078","Games Database & Game Pages","Individual game page","Each supported game has an identity page with facts and related editorial coverage.","Generated /games/<slug>/ shells hydrate the shared game page runtime.","✅","V3","/games/; /games/<slug>/; game.html","game.html; scripts/build_game_pages.py; assets/game-page.js","Supabase games/views plus article-derived fallback and generated game shells","Open game directory → search/filter → open a game → facts and connected stories render.","E-SRC-REPO; E-BROWSER-GAMES","None observed in demonstrated scope.","games database views; article game identity; generated game pages","high","2026-09-02","M1","Game database and pages are existing systems, not Milestone 1 additions."
"NC-GS-079","Games Database & Game Pages","Game facts and release variants","Game pages expose platforms, developer/publisher, genres, and release details.","Game page sections render structured facts and release records.","✅","V3","/games/; /games/<slug>/; game.html","assets/game-page.js; supabase/migrations/20260828183000_games_database_v1.sql","Supabase games/views plus article-derived fallback and generated game shells","Open game directory → search/filter → open a game → facts and connected stories render.","E-SRC-REPO; E-BROWSER-GAMES","None observed in demonstrated scope.","games database views; article game identity; generated game pages","high","2026-09-02","M1","Game database and pages are existing systems, not Milestone 1 additions."
"NC-GS-080","Games Database & Game Pages","Official game links","Game pages provide clearly labeled official/external destinations.","Game page data renders official links with external-link handling.","✅","V3","/games/; /games/<slug>/; game.html","assets/game-page.js; assets/analytics.js","Supabase games/views plus article-derived fallback and generated game shells","Open game directory → search/filter → open a game → facts and connected stories render.","E-SRC-REPO; E-BROWSER-GAMES","None observed in demonstrated scope.","games database views; article game identity; generated game pages","high","2026-09-02","M1","Game database and pages are existing systems, not Milestone 1 additions."
"NC-GS-081","Game Graph & Topic Hubs","Article game identity","Coverage is explicitly attached to a game entity rather than inferred only from text.","gameKey fields and Game Graph identity modules connect articles to game records.","✅","V2","/topics/game/<slug>/; /topics/series/<slug>/; /topics/franchise/<slug>/; game pages","assets/game-graph-identity.js; assets/topic-hub.js; scripts/build_topic_pages.py","article gameKey, series, franchise, tags, and contentBlocks","Resolve article entity identity → open generated hub → connected stories/relations render with canonical links.","E-SRC-REPO; E-AUDIT-PUBLIC","None observed in deterministic scope.","complete article entity mappings; topic builder; content API","critical","2026-09-02","M1","Game Graph is a protected Milestone 0 system."
"NC-GS-082","Game Graph & Topic Hubs","Article series identity","Coverage can be grouped under a stable series identity.","series fields feed generated series hubs and relevance.","✅","V2","/topics/game/<slug>/; /topics/series/<slug>/; /topics/franchise/<slug>/; game pages","assets/game-graph-identity.js; assets/topic-hub.js; scripts/build_topic_pages.py","article gameKey, series, franchise, tags, and contentBlocks","Resolve article entity identity → open generated hub → connected stories/relations render with canonical links.","E-SRC-REPO; E-AUDIT-PUBLIC","None observed in deterministic scope.","complete article entity mappings; topic builder; content API","critical","2026-09-02","M1","Game Graph is a protected Milestone 0 system."
"NC-GS-083","Game Graph & Topic Hubs","Article franchise identity","Coverage can be grouped under a broad franchise identity.","franchise fields feed generated franchise hubs and relevance.","✅","V2","/topics/game/<slug>/; /topics/series/<slug>/; /topics/franchise/<slug>/; game pages","assets/game-graph-identity.js; assets/topic-hub.js; scripts/build_topic_pages.py","article gameKey, series, franchise, tags, and contentBlocks","Resolve article entity identity → open generated hub → connected stories/relations render with canonical links.","E-SRC-REPO; E-AUDIT-PUBLIC","None observed in deterministic scope.","complete article entity mappings; topic builder; content API","critical","2026-09-02","M1","Game Graph is a protected Milestone 0 system."
"NC-GS-084","Game Graph & Topic Hubs","Game topic hub","A game topic page aggregates all mapped coverage for one title.","Generated game-topic shells hydrate topic.html with game-filtered stories.","✅","V2","/topics/game/<slug>/; /topics/series/<slug>/; /topics/franchise/<slug>/; game pages","topic.html; scripts/build_topic_pages.py; assets/topic-hub.js","article gameKey, series, franchise, tags, and contentBlocks","Resolve article entity identity → open generated hub → connected stories/relations render with canonical links.","E-SRC-REPO; E-AUDIT-PUBLIC","None observed in deterministic scope.","complete article entity mappings; topic builder; content API","critical","2026-09-02","M1","Game Graph is a protected Milestone 0 system."
"NC-GS-085","Game Graph & Topic Hubs","Series hub","A series page aggregates mapped coverage across related games.","Generated series shells filter published stories by series identity.","✅","V2","/topics/game/<slug>/; /topics/series/<slug>/; /topics/franchise/<slug>/; game pages","assets/game-graph-identity.js; assets/topic-hub.js; scripts/build_topic_pages.py","article gameKey, series, franchise, tags, and contentBlocks","Resolve article entity identity → open generated hub → connected stories/relations render with canonical links.","E-SRC-REPO; E-AUDIT-PUBLIC","None observed in deterministic scope.","complete article entity mappings; topic builder; content API","critical","2026-09-02","M1","Game Graph is a protected Milestone 0 system."
"NC-GS-086","Game Graph & Topic Hubs","Franchise hub","A franchise page aggregates broad connected coverage.","Generated franchise shells filter and present franchise coverage.","✅","V3","/topics/game/<slug>/; /topics/series/<slug>/; /topics/franchise/<slug>/; game pages","assets/game-graph-identity.js; assets/topic-hub.js; scripts/build_topic_pages.py","article gameKey, series, franchise, tags, and contentBlocks","Resolve article entity identity → open generated hub → connected stories/relations render with canonical links.","E-SRC-REPO; E-BROWSER-PUBLIC","None observed in deterministic scope.","complete article entity mappings; topic builder; content API","critical","2026-09-02","M1","Game Graph is a protected Milestone 0 system."
"NC-GS-087","Game Graph & Topic Hubs","Connected-game relations","Game pages expose meaningful relationships to other games or entities.","Game database relations and Game Graph context render Connections sections.","✅","V3","/topics/game/<slug>/; /topics/series/<slug>/; /topics/franchise/<slug>/; game pages","assets/game-page.js; supabase/migrations/20260828183000_games_database_v1.sql","article gameKey, series, franchise, tags, and contentBlocks","Resolve article entity identity → open generated hub → connected stories/relations render with canonical links.","E-SRC-REPO; E-BROWSER-GAMES","None observed in deterministic scope.","complete article entity mappings; topic builder; content API","critical","2026-09-02","M1","Game Graph is a protected Milestone 0 system."
"NC-GS-088","Game Graph & Topic Hubs","Ranked-list appearances on entities","Entity pages show where a game appears in ranked/best coverage.","Structured ranked blocks and identity matching expose ranking appearances.","✅","V2","/topics/game/<slug>/; /topics/series/<slug>/; /topics/franchise/<slug>/; game pages","assets/game-page.js; assets/collection-ranking-preview.js","article gameKey, series, franchise, tags, and contentBlocks","Resolve article entity identity → open generated hub → connected stories/relations render with canonical links.","E-SRC-REPO; E-AUDIT-PUBLIC","None observed in deterministic scope.","complete article entity mappings; topic builder; content API","critical","2026-09-02","M1","Game Graph is a protected Milestone 0 system."
"NC-GS-089","Game Graph & Topic Hubs","Generated Game Graph routes","Supported game, series, and franchise identities receive crawlable generated routes.","Topic/game builders generate canonical shells for mapped identities.","✅","V2","/topics/game/<slug>/; /topics/series/<slug>/; /topics/franchise/<slug>/; game pages","scripts/build_topic_pages.py; scripts/build_game_pages.py; sitemap.xml","article gameKey, series, franchise, tags, and contentBlocks","Resolve article entity identity → open generated hub → connected stories/relations render with canonical links.","E-SRC-REPO; E-AUDIT-PUBLIC","None observed in deterministic scope.","complete article entity mappings; topic builder; content API","critical","2026-09-02","M1","Game Graph is a protected Milestone 0 system."
"NC-GS-090","Game Graph & Topic Hubs","Game Graph mapping coverage","Published coverage consistently maps to the correct game/series/franchise entities.","Most stories carry series/franchise identity and 39/53 carry game identity.","🟡","V2","/topics/game/<slug>/; /topics/series/<slug>/; /topics/franchise/<slug>/; game pages","data/articles.json; scripts/audit_games_database.py; assets/game-graph-identity.js","article gameKey, series, franchise, tags, and contentBlocks","Resolve article entity identity → open generated hub → connected stories/relations render with canonical links.","E-SRC-REPO; E-AUDIT-PUBLIC","14 stories lack gameKey; 23 populated gameKey references have no matching Games Database record; only 7 full game pages exist.","editorial metadata completeness; game record mapping","critical","2026-09-02","M1","Game Graph is a protected Milestone 0 system."
"NC-GS-091","Discovery, Related & Recirculation","Discovery Intelligence engine","The publication ranks useful next content from editorial and entity signals.","Discovery Intelligence scores category, tags, section, game, series, franchise, and collection context.","✅","V2","homepage, search, article sidebars/end matter, topic and game hubs","assets/discovery-intelligence.js; assets/article-discovery.js; assets/recirculation.js","published article metadata; Game Graph identity; popularity signals","Open a story/discovery surface → ranked related links render → follow a canonical internal link → destination resolves.","E-SRC-REPO; E-AUDIT-PUBLIC; E-BROWSER-ARTICLE","None observed in demonstrated scope.","article metadata; canonical routes; relevance scoring","critical","2026-09-02","M1","Discovery Intelligence, Related Coverage, and Recirculation are protected systems."
"NC-GS-092","Discovery, Related & Recirculation","Related Coverage module","Articles show closely related reporting/features.","Article discovery renders a Related Coverage module from scored candidates.","✅","V3","homepage, search, article sidebars/end matter, topic and game hubs","assets/discovery-intelligence.js; assets/article-discovery.js; assets/recirculation.js","published article metadata; Game Graph identity; popularity signals","Open a story/discovery surface → ranked related links render → follow a canonical internal link → destination resolves.","E-SRC-REPO; E-AUDIT-PUBLIC; E-BROWSER-ARTICLE","None observed in demonstrated scope.","article metadata; canonical routes; relevance scoring","critical","2026-09-02","M1","Discovery Intelligence, Related Coverage, and Recirculation are protected systems."
"NC-GS-093","Discovery, Related & Recirculation","Connected Coverage module","Articles expose entity-linked coverage beyond simple tag matching.","Connected Coverage uses Game Graph identity and story relations.","✅","V3","homepage, search, article sidebars/end matter, topic and game hubs","assets/discovery-intelligence.js; assets/article-discovery.js; assets/recirculation.js","published article metadata; Game Graph identity; popularity signals","Open a story/discovery surface → ranked related links render → follow a canonical internal link → destination resolves.","E-SRC-REPO; E-AUDIT-PUBLIC; E-BROWSER-ARTICLE","None observed in demonstrated scope.","article metadata; canonical routes; relevance scoring","critical","2026-09-02","M1","Discovery Intelligence, Related Coverage, and Recirculation are protected systems."
"NC-GS-094","Discovery, Related & Recirculation","Article recirculation module","End matter deliberately routes readers into more publication content.","Recirculation module injects canonical next-story cards and tracks selection.","✅","V3","homepage, search, article sidebars/end matter, topic and game hubs","assets/discovery-intelligence.js; assets/article-discovery.js; assets/recirculation.js","published article metadata; Game Graph identity; popularity signals","Open a story/discovery surface → ranked related links render → follow a canonical internal link → destination resolves.","E-SRC-REPO; E-AUDIT-PUBLIC; E-BROWSER-ARTICLE","None observed in demonstrated scope.","article metadata; canonical routes; relevance scoring","critical","2026-09-02","M1","Discovery Intelligence, Related Coverage, and Recirculation are protected systems."
"NC-GS-095","Discovery, Related & Recirculation","Next-read recommendation","A reader receives a clear next story rather than a dead end.","Recirculation selects a next read from eligible related candidates.","✅","V3","homepage, search, article sidebars/end matter, topic and game hubs","assets/recirculation.js; assets/article-discovery.js","published article metadata; Game Graph identity; popularity signals","Open a story/discovery surface → ranked related links render → follow a canonical internal link → destination resolves.","E-SRC-REPO; E-AUDIT-PUBLIC; E-BROWSER-ARTICLE","None observed in demonstrated scope.","article metadata; canonical routes; relevance scoring","critical","2026-09-02","M1","Discovery Intelligence, Related Coverage, and Recirculation are protected systems."
"NC-GS-096","Discovery, Related & Recirculation","Entity-aware relevance","Related results favor shared game/series/franchise identity.","Discovery weights explicit Game Graph metadata.","✅","V2","homepage, search, article sidebars/end matter, topic and game hubs","assets/discovery-intelligence.js; assets/game-graph-identity.js","published article metadata; Game Graph identity; popularity signals","Open a story/discovery surface → ranked related links render → follow a canonical internal link → destination resolves.","E-SRC-REPO; E-AUDIT-PUBLIC; E-BROWSER-ARTICLE","None observed in demonstrated scope.","article metadata; canonical routes; relevance scoring","critical","2026-09-02","M1","Discovery Intelligence, Related Coverage, and Recirculation are protected systems."
"NC-GS-097","Discovery, Related & Recirculation","Search result ranking quality","Search ranks exact and contextually relevant results ahead of weak matches.","Search parity/discovery scoring ranks story and entity matches.","🟡","V3","homepage, search, article sidebars/end matter, topic and game hubs","assets/search-parity.js; assets/discovery-intelligence.js","published article metadata; Game Graph identity; popularity signals","Open a story/discovery surface → ranked related links render → follow a canonical internal link → destination resolves.","E-SRC-REPO; E-BROWSER-SEARCH","One real query produced useful results, but ranking quality across misspellings, ties, and sparse entities is not exhaustively verified.","article metadata completeness; scoring weights","high","2026-09-02","M1","Discovery Intelligence, Related Coverage, and Recirculation are protected systems."
"NC-GS-098","Discovery, Related & Recirculation","Homepage curated collections","Curated franchise/genre/platform collections guide deeper browsing.","Homepage collection modules assemble approved recommendation series.","✅","V3","homepage, search, article sidebars/end matter, topic and game hubs","assets/curated-collections.js; assets/home-what-to-play.js","published article metadata; Game Graph identity; popularity signals","Open a story/discovery surface → ranked related links render → follow a canonical internal link → destination resolves.","E-SRC-REPO; E-AUDIT-PUBLIC; E-BROWSER-ARTICLE","None observed in demonstrated scope.","article metadata; canonical routes; relevance scoring","critical","2026-09-02","M1","Discovery Intelligence, Related Coverage, and Recirculation are protected systems."
"NC-GS-099","Discovery, Related & Recirculation","Topic-to-story linkage","Topic and entity hubs link bidirectionally with their stories.","Topic hubs list canonical stories and article identity links back to hubs/entities.","✅","V3","homepage, search, article sidebars/end matter, topic and game hubs","assets/topic-hub.js; assets/game-graph-identity.js","published article metadata; Game Graph identity; popularity signals","Open a story/discovery surface → ranked related links render → follow a canonical internal link → destination resolves.","E-SRC-REPO; E-AUDIT-PUBLIC; E-BROWSER-ARTICLE","None observed in demonstrated scope.","article metadata; canonical routes; relevance scoring","critical","2026-09-02","M1","Discovery Intelligence, Related Coverage, and Recirculation are protected systems."
"NC-GS-100","Discovery, Related & Recirculation","Broken internal reference protection","Generated discovery links resolve and no publication module emits dead internal routes.","Discovery/reference audits validate internal paths, canonical story slugs, and generated route sets.","✅","V2","homepage, search, article sidebars/end matter, topic and game hubs","scripts/audit_discovery_links.py; scripts/audit_overhaul_baseline.py","published article metadata; Game Graph identity; popularity signals","Open a story/discovery surface → ranked related links render → follow a canonical internal link → destination resolves.","E-AUDIT-PUBLIC; E-CANONICAL-STATIC","None observed in demonstrated scope.","article metadata; canonical routes; relevance scoring","critical","2026-09-02","M1","Discovery Intelligence, Related Coverage, and Recirculation are protected systems."
"NC-GS-101","Popularity & Personalization","Trending coverage","Readers can see stories gaining attention in a defined recent period.","Popularity Signals renders Trending from weighted view/activity windows.","✅","V3","homepage/category/article popularity modules; reader account panel","assets/popularity-signals.js; assets/home-feed.js; assets/entity-follows-v2.js","article popularity RPC/signals; published articles; reader follows/saves","Open discovery/account surface → popularity or reader-specific cards load → selecting a card opens canonical coverage.","E-SRC-REPO; E-BROWSER-PUBLIC","None observed in deterministic scope.","popularity RPC; analytics signals; reader session for personalization","critical","2026-09-02","M1","Popularity and personalization owners are preserved."
"NC-GS-102","Popularity & Personalization","Most Read coverage","Readers can see the publication's most-read stories.","Most Read uses popularity RPC output with fallback ranking.","✅","V3","homepage/category/article popularity modules; reader account panel","assets/popularity-signals.js; assets/home-feed.js; assets/entity-follows-v2.js","article popularity RPC/signals; published articles; reader follows/saves","Open discovery/account surface → popularity or reader-specific cards load → selecting a card opens canonical coverage.","E-SRC-REPO; E-BROWSER-PUBLIC","None observed in deterministic scope.","popularity RPC; analytics signals; reader session for personalization","critical","2026-09-02","M1","Popularity and personalization owners are preserved."
"NC-GS-103","Popularity & Personalization","Popularity time windows","Trending and most-read calculations use explicit bounded windows.","Popularity migration/runtime define period-aware score windows and query parameters.","✅","V2","homepage/category/article popularity modules; reader account panel","assets/popularity-signals.js; supabase/migrations/20260824_add_article_popularity_signals.sql; scripts/audit_popularity_v2.py","article popularity RPC/signals; published articles; reader follows/saves","Open discovery/account surface → popularity or reader-specific cards load → selecting a card opens canonical coverage.","E-SRC-REPO; E-AUDIT-PUBLIC","None observed in deterministic scope.","popularity RPC; analytics signals; reader session for personalization","critical","2026-09-02","M1","Popularity and personalization owners are preserved."
"NC-GS-104","Popularity & Personalization","Article view signal write","A legitimate article view contributes once to popularity metrics.","Popularity runtime calls the article view RPC for eligible story loads.","🟡","V2","homepage/category/article popularity modules; reader account panel","assets/popularity-signals.js; assets/analytics.js","article popularity RPC/signals; published articles; reader follows/saves","Open article → eligible view RPC succeeds → popularity source increments once → reload/session rules hold.","E-SRC-REPO; E-AUDIT-PUBLIC","Write path is source-audited but no live counter/source re-read was performed.","public RPC; session identity/dedupe; article slug","critical","2026-09-02","M1","Popularity and personalization owners are preserved."
"NC-GS-105","Popularity & Personalization","Session view deduplication","Reloads or repeated events do not inflate popularity counts.","Popularity Signals uses client/session guards around view recording.","🟡","V2","homepage/category/article popularity modules; reader account panel","assets/popularity-signals.js; scripts/audit_popularity_v2.py","article popularity RPC/signals; published articles; reader follows/saves","Load same story repeatedly in one session → source count changes according to dedupe contract only.","E-SRC-REPO; E-AUDIT-PUBLIC","Guard implementation is deterministic-audited; a live repeated-load source comparison was not run.","browser storage/session; popularity RPC","high","2026-09-02","M1","Popularity and personalization owners are preserved."
"NC-GS-106","Popularity & Personalization","Following feed","Signed-in readers receive a feed built from followed games/series/franchises.","Reader account extension joins entity follows to matching published articles.","🟡","V2","homepage/category/article popularity modules; reader account panel","assets/entity-follows-v2.js; assets/reader-account.js","reader_entity_follows plus published articles","Sign in → follow entities → open account → matching feed renders → reload retains identical server-backed state.","E-SRC-REPO; E-AUTH-BLOCKED; E-AUTH-FIXTURE-BLOCKED-M3","No approved reader fixture/follow rows were available for the server re-read/reload/cleanup protocol.","reader Auth; follow RLS; complete article entity metadata","high","2026-09-02","M3","Blocked rather than promoted from source; personalization owners are preserved."
"NC-GS-107","Popularity & Personalization","Followed-entity management cards","Readers can view and remove the entities they follow.","Account extension renders game/series/franchise follow cards and remove controls.","🟡","V2","homepage/category/article popularity modules; reader account panel","assets/entity-follows-v2.js","reader_entity_follows","Sign in → list follows → remove one → server re-read → reload reflects removal.","E-SRC-REPO; E-AUTH-BLOCKED; E-AUTH-FIXTURE-BLOCKED-M3","No approved authenticated list/remove/source re-read/reload/cleanup run was possible.","reader Auth; follow table/RLS","high","2026-09-02","M3","Blocked rather than promoted from source; personalization owners are preserved."
"NC-GS-108","Popularity & Personalization","Saved stories list","Signed-in readers can revisit all server-saved stories.","Reader account extension lists reader_saved_stories and resolves them to published article cards.","🟡","V2","homepage/category/article popularity modules; reader account panel","assets/saved-stories.js; assets/reader-account.js","reader_saved_stories plus published articles","Sign in → save story → account list includes it → reload/session resume preserves it → remove cleanup.","E-SRC-REPO; E-AUTH-BLOCKED","Implementation explicitly re-reads after writes, but no safe identity existed to verify server state/reload.","reader Auth; saved-story RLS; article fallback","high","2026-09-02","M1","Popularity and personalization owners are preserved."
"NC-GS-109","Popularity & Personalization","Recently viewed history","Readers can review a personal history of recently opened coverage.","No reader-facing recently viewed/history owner or data model was found.","❌","V1","none found in account, storage, analytics, data, or migrations","none found","none","Search account/personalization runtimes, storage keys, analytics, schema, and migrations → no history journey found.","E-NEG-HISTORY","Missing capability; analytics page views are not a reader-visible personal history.","No existing owner; future scope requires privacy/product approval.","low","2026-09-02","M1","Negative inventory only; no implementation authorized."
"NC-GS-110","Popularity & Personalization","Per-user recommendations beyond explicit follows","Personalized recommendations adapt to an individual reader beyond manual subscriptions.","No per-user recommendation model/feed beyond explicit saved/followed entities was found.","❌","V1","none found after discovery/account/data/migration search","none found","none","Search discovery, popularity, reader data, follows, saves, storage, and migrations → no implicit personalized ranking found.","E-NEG-PERSONALIZATION","Missing capability; contextual/global discovery is not per-user personalization.","No existing owner; future scope requires privacy/product decision.","low","2026-09-02","M1","Negative inventory only; no implementation authorized."
"NC-GS-111","Reader Auth, Profile & Saved","Signed-out reader state","Signed-out readers can browse publicly and receive a clear sign-in gate for account actions.","Header shows SIGN IN; public stories/threads render; gated Like/Reply opens the auth modal.","✅","V3","global SIGN IN/account modal; reader account panel; article Save","assets/reader-account.js; assets/reader-auth-v2.js; assets/community-profile.js","Supabase Auth; reader_profiles; reader-avatars Storage; reader_saved_stories","Use a dedicated test reader → complete real auth/profile action → server re-read → reload/session resume → cleanup.","E-BROWSER-PUBLIC; E-BROWSER-SIGNED-OUT","No non-personal reader credential was available for an authenticated persistence run.","Supabase Auth configuration; profile/storage RLS; safe test identity","critical","2026-09-02","M1","Structural evidence is not promoted to persistence proof."
"NC-GS-112","Reader Auth, Profile & Saved","Reader account creation","A reader can create an account and receive a valid profile/session.","Auth V2 signup collects display name/email/password and creates reader profile state.","🟡","V2","global SIGN IN/account modal; reader account panel; article Save","assets/reader-auth-v2.js; assets/community-core.js","Supabase Auth; reader_profiles; reader-avatars Storage; reader_saved_stories","Submit non-personal signup → auth user/profile exist → UI signed in → reload persists according to session contract.","E-SRC-REPO; E-AUTH-BLOCKED","Signup handler exists, but no synthetic identity/inbox was available for full creation and reload proof.","Supabase Auth configuration; profile/storage RLS; safe test identity","critical","2026-09-02","M1","Structural evidence is not promoted to persistence proof."
"NC-GS-113","Reader Auth, Profile & Saved","Email and password sign-in","An existing reader can sign in and reach authenticated account actions.","Auth V2 and community core call Supabase password sign-in and synchronize account state.","🟡","V3","global SIGN IN/account modal; reader account panel; article Save","assets/reader-account.js; assets/reader-auth-v2.js; assets/community-profile.js","Supabase Auth; reader_profiles; reader-avatars Storage; reader_saved_stories","Use a dedicated test reader → complete real auth/profile action → server re-read → reload/session resume → cleanup.","E-SRC-REPO; E-BROWSER-SIGNED-OUT; E-AUTH-BLOCKED","Real modal/gate is browser-verified, but no credentials were entered and no session was established.","Supabase Auth configuration; profile/storage RLS; safe test identity","critical","2026-09-02","M1","Structural evidence is not promoted to persistence proof."
"NC-GS-114","Reader Auth, Profile & Saved","OAuth sign-in","Configured social identity providers can complete a secure reader session.","Auth V2 discovers enabled Google/Apple/X/Discord providers and calls signInWithOAuth.","🟡","V2","global SIGN IN/account modal; reader account panel; article Save","assets/reader-auth-v2.js; assets/analytics-config.js","Supabase Auth; reader_profiles; reader-avatars Storage; reader_saved_stories","Select enabled provider through secure auth flow → callback returns → user/profile/session load → reload persists.","E-SRC-REPO; E-AUTH-BLOCKED","Provider discovery/code exists; no provider login/callback was attempted and enablement varies by project config.","Supabase external provider config; OAuth redirect; safe identity","high","2026-09-02","M1","Structural evidence is not promoted to persistence proof."
"NC-GS-115","Reader Auth, Profile & Saved","Password recovery and reset","A reader can request recovery and set a new password via a valid callback.","Auth V2 implements resetPasswordForEmail and updateUser password recovery states.","🟡","V2","global SIGN IN/account modal; reader account panel; article Save","assets/reader-auth-v2.js","Supabase Auth; reader_profiles; reader-avatars Storage; reader_saved_stories","Request reset for fixture → receive provider email/callback → set password → sign in → reload session.","E-SRC-REPO; E-AUTH-BLOCKED","No synthetic mailbox/provider callback was available.","Supabase email delivery; redirect allowlist; fixture identity","high","2026-09-02","M1","Structural evidence is not promoted to persistence proof."
"NC-GS-116","Reader Auth, Profile & Saved","Persistent reader session","An authenticated session survives navigation/reload and restores the same user state securely.","Supabase browser session and auth-state listeners hydrate community/account modules.","🟡","V2","global SIGN IN/account modal; reader account panel; article Save","assets/reader-auth-v2.js; assets/reader-account.js; assets/community-core.js","Supabase Auth; reader_profiles; reader-avatars Storage; reader_saved_stories","Sign in fixture → reload and navigate → same user/profile/actions restore → expired/sign-out state clears.","E-SRC-REPO; E-AUTH-BLOCKED","Session wiring is source-level only; no authenticated reload/resume proof.","Supabase Auth storage; consistent single client; profile read RLS","critical","2026-09-02","M1","Structural evidence is not promoted to persistence proof."
"NC-GS-117","Reader Auth, Profile & Saved","Reader profile editing","A reader can change public profile identity and retain it.","Account/profile modules update Auth metadata and reader_profiles display name.","🟡","V2","global SIGN IN/account modal; reader account panel; article Save","assets/reader-account.js; assets/community-profile.js","Supabase Auth; reader_profiles; reader-avatars Storage; reader_saved_stories","Sign in → edit display name → both writes succeed → source re-read → reload shows new name → cleanup.","E-SRC-REPO; E-AUTH-BLOCKED","No authenticated write/re-read/reload run was possible.","reader_profiles RLS; Auth updateUser; profile synchronization","high","2026-09-02","M1","Structural evidence is not promoted to persistence proof."
"NC-GS-118","Reader Auth, Profile & Saved","Reader avatar upload","A reader can upload a valid avatar and retain it across sessions.","Profile modules validate image type/size, upload to reader-avatars, and persist avatar_url.","🟡","V2","global SIGN IN/account modal; reader account panel; article Save","assets/reader-account.js; assets/community-profile.js","Supabase Auth; reader_profiles; reader-avatars Storage; reader_saved_stories","Upload disposable valid image → Storage object and profile URL succeed → reload renders avatar → remove test asset.","E-SRC-REPO; E-AUTH-BLOCKED","Storage/RLS journey and cleanup were not executed without a fixture user.","reader-avatars bucket/policies; reader_profiles RLS; disposable fixture asset","critical","2026-09-02","M1","Structural evidence is not promoted to persistence proof."
"NC-GS-119","Reader Auth, Profile & Saved","Reader sign out","A reader can end the session and all authenticated UI/state clear.","Account/auth modules call signOut and refresh shared community state.","🟡","V2","global SIGN IN/account modal; reader account panel; article Save","assets/reader-auth-v2.js; assets/reader-account.js; assets/community-core.js","Supabase Auth; reader_profiles; reader-avatars Storage; reader_saved_stories","Sign in fixture → sign out → auth session absent → reload remains signed out → gated actions request sign-in.","E-SRC-REPO; E-AUTH-BLOCKED","No authenticated starting session existed to prove sign-out and reload.","Supabase Auth; all module auth listeners","high","2026-09-02","M1","Structural evidence is not promoted to persistence proof."
"NC-GS-120","Reader Auth, Profile & Saved","Save story toggle","A signed-in reader can save/unsave a story with server-confirmed reload persistence.","saved-stories.js inserts/deletes reader_saved_stories and explicitly re-reads persisted state.","🟡","V3","global SIGN IN/account modal; reader account panel; article Save","assets/saved-stories.js; assets/article-extras.js","Supabase Auth; reader_profiles; reader-avatars Storage; reader_saved_stories","Sign in → toggle Save → confirmed write/re-read → count/state update → reload retains → unsave cleanup.","E-SRC-REPO; E-BROWSER-ARTICLE; E-AUTH-BLOCKED; E-INTERACTION-M3; E-AUTH-FIXTURE-BLOCKED-M3","Exact-branch signed-out Save reached the real auth gate, but no safe identity was available for write/source re-read/reload/cleanup V4 proof.","reader Auth; reader_saved_stories RLS; canonical slug","critical","2026-09-02","M3","Signed-out behavior is browser-proven; structural evidence is not promoted to persistence proof."
"NC-GS-121","Community & Sharing","Public Reader Thread rendering","Public comments and nested replies render for signed-out readers.","Community stable/recovery modules query and render live article_comments threads.","✅","V3","article Reader Thread and reaction/share rails","assets/community-stable.js; assets/community-core.js; assets/community-actions-v2.js","public article_comments read plus profiles","Open Reader Thread → perform action with correct auth state → server re-read → reload/permalink confirms result.","E-SRC-REPO; E-BROWSER-THREAD","One representative live thread rendered; all pagination/depth cases were not exhaustively tested.","community tables/RLS; reader session for writes; canonical story slug","critical","2026-09-02","M1","Community is a protected layered system; do not duplicate handlers."
"NC-GS-122","Community & Sharing","Post comment","A signed-in reader can post a comment that persists after reload.","Community form inserts article_comments with article/user identity and refreshes the thread.","🟡","V2","article Reader Thread and reaction/share rails","assets/community-stable.js; assets/community-core.js; assets/community-actions-v2.js","article_comments; article_reactions; comment_reactions; comment_reports; Supabase Auth","Sign in → post disposable comment → write and source re-read succeed → reload retains → cleanup.","E-SRC-REPO; E-AUTH-BLOCKED","No fixture identity; no write/reload/cleanup proof.","community tables/RLS; reader session for writes; canonical story slug","critical","2026-09-02","M1","Community is a protected layered system; do not duplicate handlers."
"NC-GS-123","Community & Sharing","Edit own comment","A reader can edit only their comment and retain the revision.","Community runtime exposes owner edit handling against article_comments.","🟡","V2","article Reader Thread and reaction/share rails","assets/community-stable.js; assets/community-standard.js","article_comments; article_reactions; comment_reactions; comment_reports; Supabase Auth","Create fixture comment → edit as owner → source/reload reflect revision → other reader is rejected.","E-SRC-REPO; E-AUTH-BLOCKED","Owner and negative RLS paths were not exercised.","community tables/RLS; reader session for writes; canonical story slug","critical","2026-09-02","M1","Community is a protected layered system; do not duplicate handlers."
"NC-GS-124","Community & Sharing","Delete own comment","A reader can delete only their comment and the removal persists.","Community owner controls delete article_comments and refresh the thread.","🟡","V2","article Reader Thread and reaction/share rails","assets/community-stable.js; assets/community-standard.js","article_comments; article_reactions; comment_reactions; comment_reports; Supabase Auth","Create fixture comment → delete as owner → source/reload show absence → other reader is rejected.","E-SRC-REPO; E-AUTH-BLOCKED","Owner deletion, reload, and unauthorized rejection were not exercised.","community tables/RLS; reader session for writes; canonical story slug","critical","2026-09-02","M1","Community is a protected layered system; do not duplicate handlers."
"NC-GS-125","Community & Sharing","Reply to comment","A signed-in reader can post a nested reply that persists and links to its parent.","Actions V2 inserts article_comments with parent_comment_id and recovers the thread.","🟡","V3","article Reader Thread and reaction/share rails","assets/community-actions-v2.js; assets/community-thread-recovery.js","article_comments; article_reactions; comment_reactions; comment_reports; Supabase Auth","Select Reply → auth if needed → post fixture reply → parent/source/reload agree → cleanup.","E-SRC-REPO; E-BROWSER-THREAD; E-AUTH-BLOCKED; E-INTERACTION-M3; E-AUTH-FIXTURE-BLOCKED-M3","Exact-branch nested Reply reached the signed-out gate, but no authenticated parent insert/source re-read/reload/cleanup was safe.","community tables/RLS; reader session for writes; canonical story slug","critical","2026-09-02","M3","Nested controls were targeted in-browser; no write claim was inferred."
"NC-GS-126","Community & Sharing","Comment Like and Dislike","A reader can express one exclusive reaction per comment and retain it.","Actions V2 reads/inserts/deletes comment_reactions for like/dislike and refreshes counts.","🟡","V3","article Reader Thread and reaction/share rails","assets/community-actions-v2.js","article_comments; article_reactions; comment_reactions; comment_reports; Supabase Auth","Sign in → Like → source/count/reload agree → switch to Dislike → exclusivity/source/reload agree → cleanup.","E-SRC-REPO; E-BROWSER-THREAD; E-AUTH-BLOCKED; E-INTERACTION-M3; E-AUTH-FIXTURE-BLOCKED-M3","Exact-branch comment Like and Dislike reached the signed-out gate; no authenticated reaction write, exclusivity, source re-read, reload, or cleanup proof.","community tables/RLS; reader session for writes; canonical story slug","critical","2026-09-02","M3","Both controls were targeted in-browser; no write claim was inferred."
"NC-GS-127","Community & Sharing","Article Like","A signed-in reader can Like a story and retain the state/count.","Community core maps the article Like control to article_reactions reaction_type=like.","🟡","V3","article Reader Thread and reaction/share rails","assets/community-core.js; assets/article-extras.js","article_comments; article_reactions; comment_reactions; comment_reports; Supabase Auth","Sign in → Like article → confirmed source/count update → reload retains → unlike cleanup.","E-SRC-REPO; E-BROWSER-SIGNED-OUT; E-AUTH-BLOCKED; E-INTERACTION-M3; E-AUTH-FIXTURE-BLOCKED-M3","Exact-branch signed-out gate works; authenticated write/count/source re-read/reload/cleanup was not verified.","community tables/RLS; reader session for writes; canonical story slug","critical","2026-09-02","M3","Community is protected; signed-out browser evidence does not establish persistence."
"NC-GS-128","Community & Sharing","Article Dislike","A signed-in reader can Dislike a story with exclusive persisted state.","No article-level Dislike control or owner was found; comment Dislike is separate.","❌","V1","none found in article rails or runtime handlers","none found","none for article dislike","Search article controls, reaction handlers, schema calls, migrations, and audits → only article Like and comment dislike found.","E-NEG-ARTICLE-DISLIKE","Missing article-level capability.","No existing owner; future scope requires product approval and community/RLS design.","low","2026-09-02","M1","Negative inventory only; do not add in Milestone 1."
"NC-GS-129","Community & Sharing","Copy comment permalink","A comment exposes a stable deep link that can be copied and resolved.","Actions V2 builds the clean story URL with comment hash and writes it to clipboard.","✅","V3","article Reader Thread and reaction/share rails","assets/community-actions-v2.js; assets/article-deep-link.js","article_comments; article_reactions; comment_reactions; comment_reports; Supabase Auth","Open Reader Thread → perform action with correct auth state → server re-read → reload/permalink confirms result.","E-BROWSER-THREAD; E-INTERACTION-M3","Exact-branch clipboard output matched the clean story comment permalink; this public action requires no server write.","community tables/RLS; reader session for writes; canonical story slug","critical","2026-09-02","M3","Community is protected; exact browser copy evidence adds no persistence claim."
"NC-GS-130","Community & Sharing","Article share and copy","Readers can share/copy the canonical story URL.","Article share control copies the clean /stories/<slug>/ URL independent of runtime compatibility state.","✅","V3","article Reader Thread and reaction/share rails","assets/article-extras.js; assets/story-router.js","article_comments; article_reactions; comment_reactions; comment_reports; Supabase Auth","Open Reader Thread → perform action with correct auth state → server re-read → reload/permalink confirms result.","E-BROWSER-ARTICLE; E-CANONICAL-BROWSER; E-CANONICAL-BROWSER-M3; E-INTERACTION-M3","Exact-branch legacy runtime copied the clean story URL after asynchronous settlement.","community tables/RLS; reader session for writes; canonical story slug","critical","2026-09-02","M3","Community is protected; exact browser copy evidence adds no server-persistence claim."
"NC-GS-131","Newsletter","Homepage newsletter signup surface","The homepage provides an accessible email acquisition form.","The Weekly Drop form is rendered and wired to the shared acquisition client.","🟡","V3","homepage/category/article signup forms; subscribers.html","index.html; assets/newsletter.js","newsletter_subscribers; newsletter admin Edge Function; delivery provider","Submit a synthetic subscriber → capture/source attribution succeeds → admin/provider state agrees → reload/unsubscribe cleanup.","E-SRC-REPO; E-BROWSER-PUBLIC; E-PROVIDER-BLOCKED","Surface rendered; a real synthetic submission and persisted capture were not performed.","public-actions Edge Function; subscriber table/RLS; admin auth; delivery provider","critical","2026-09-02","M1","Newsletter acquisition/delivery are protected from evidence-only changes."
"NC-GS-132","Newsletter","Category newsletter signup surface","Category pages provide context-appropriate newsletter acquisition.","Category Weekly Drop form supplies a category source to newsletter.js.","🟡","V3","homepage/category/article signup forms; subscribers.html","category.html; assets/newsletter.js","newsletter_subscribers; newsletter admin Edge Function; delivery provider","Submit a synthetic subscriber → capture/source attribution succeeds → admin/provider state agrees → reload/unsubscribe cleanup.","E-SRC-REPO; E-BROWSER-PUBLIC; E-PROVIDER-BLOCKED","Surface rendered; submit/reload state is unverified.","public-actions Edge Function; subscriber table/RLS; admin auth; delivery provider","critical","2026-09-02","M1","Newsletter acquisition/delivery are protected from evidence-only changes."
"NC-GS-133","Newsletter","Article newsletter signup surface","Article pages offer newsletter acquisition without breaking the reading journey.","Article/sidebar newsletter forms are observed and tracked by shared newsletter/analytics modules.","🟡","V2","homepage/category/article signup forms; subscribers.html","article.html; assets/newsletter.js; assets/analytics.js","newsletter_subscribers; newsletter admin Edge Function; delivery provider","Submit a synthetic subscriber → capture/source attribution succeeds → admin/provider state agrees → reload/unsubscribe cleanup.","E-SRC-REPO; E-PROVIDER-BLOCKED","Source wiring exists; this browser pass did not submit an article form.","public-actions Edge Function; subscriber table/RLS; admin auth; delivery provider","critical","2026-09-02","M1","Newsletter acquisition/delivery are protected from evidence-only changes."
"NC-GS-134","Newsletter","Public newsletter capture API","A valid email submission reaches a protected server endpoint and records a subscription.","public-actions Edge Function validates and upserts newsletter_subscribers.","🟡","V2","homepage/category/article signup forms; subscribers.html","supabase/functions/public-actions/index.ts; assets/newsletter.js","newsletter_subscribers; newsletter admin Edge Function; delivery provider","Submit a synthetic subscriber → capture/source attribution succeeds → admin/provider state agrees → reload/unsubscribe cleanup.","E-SRC-REPO; E-PROVIDER-BLOCKED","Server path is source-audited; no synthetic write/source re-read was authorized.","public-actions Edge Function; subscriber table/RLS; admin auth; delivery provider","critical","2026-09-02","M1","Newsletter acquisition/delivery are protected from evidence-only changes."
"NC-GS-135","Newsletter","Newsletter source attribution","Subscriber records preserve the acquisition surface/campaign source.","Forms send dataset source values stored with newsletter_subscribers.","✅","V2","homepage/category/article signup forms; subscribers.html","assets/newsletter.js; supabase/functions/public-actions/index.ts; scripts/audit_newsletter_acquisition.py","newsletter_subscribers; newsletter admin Edge Function; delivery provider","Submit a synthetic subscriber → capture/source attribution succeeds → admin/provider state agrees → reload/unsubscribe cleanup.","E-SRC-REPO; E-AUDIT-PUBLIC","Deterministic contract is complete; live provider propagation is separate.","public-actions Edge Function; subscriber table/RLS; admin auth; delivery provider","critical","2026-09-02","M1","Newsletter acquisition/delivery are protected from evidence-only changes."
"NC-GS-136","Newsletter","Newsletter privacy disclosure","Signup explains consent/privacy and links to policy.","Signup and privacy surfaces disclose handling and link publication privacy terms.","✅","V2","homepage/category/article signup forms; subscribers.html","privacy.html; index.html; category.html; assets/newsletter.js","newsletter_subscribers; newsletter admin Edge Function; delivery provider","Submit a synthetic subscriber → capture/source attribution succeeds → admin/provider state agrees → reload/unsubscribe cleanup.","E-SRC-REPO; E-AUDIT-PUBLIC","No synthetic subscriber/provider/admin identity was available for an end-to-end delivery journey.","public-actions Edge Function; subscriber table/RLS; admin auth; delivery provider","critical","2026-09-02","M1","Newsletter acquisition/delivery are protected from evidence-only changes."
"NC-GS-137","Newsletter","Re-subscribe and duplicate handling","Existing/unsubscribed addresses receive deterministic idempotent handling.","Public acquisition function upserts/re-activates normalized subscribers.","🟡","V2","homepage/category/article signup forms; subscribers.html","supabase/functions/public-actions/index.ts; scripts/audit_newsletter_acquisition.py","newsletter_subscribers; newsletter admin Edge Function; delivery provider","Submit a synthetic subscriber → capture/source attribution succeeds → admin/provider state agrees → reload/unsubscribe cleanup.","E-SRC-REPO; E-PROVIDER-BLOCKED","Logic is audited, but duplicate and re-subscribe writes were not run against a synthetic address.","public-actions Edge Function; subscriber table/RLS; admin auth; delivery provider","critical","2026-09-02","M1","Newsletter acquisition/delivery are protected from evidence-only changes."
"NC-GS-138","Newsletter","Subscriber Desk","Approved staff can inspect subscriber status/source without exposing it publicly.","subscribers.html and subscribers.js provide a private admin desk.","🟡","V3","homepage/category/article signup forms; subscribers.html","subscribers.html; assets/subscribers.js; supabase/functions/newsletter-admin/index.ts","newsletter_subscribers; newsletter admin Edge Function; delivery provider","Submit a synthetic subscriber → capture/source attribution succeeds → admin/provider state agrees → reload/unsubscribe cleanup.","E-SRC-REPO; E-BROWSER-PRIVATE; E-ADMIN-BLOCKED","Signed-out gate/noindex are verified; approved admin listing and mutations are not.","public-actions Edge Function; subscriber table/RLS; admin auth; delivery provider","critical","2026-09-02","M1","Newsletter acquisition/delivery are protected from evidence-only changes."
"NC-GS-139","Newsletter","Newsletter provider sync and unsubscribe propagation","Captured subscribers reach the delivery provider and unsubscribes reconcile both systems.","newsletter-admin Edge Function and Subscriber Desk expose delivery sync/status actions.","🟡","V2","homepage/category/article signup forms; subscribers.html","supabase/functions/newsletter-admin/index.ts; assets/subscribers.js; NEWSLETTER_DELIVERY.md","newsletter_subscribers; newsletter admin Edge Function; delivery provider","Submit a synthetic subscriber → capture/source attribution succeeds → admin/provider state agrees → reload/unsubscribe cleanup.","E-SRC-REPO; E-PROVIDER-BLOCKED","No provider credential/test list; delivery, failure, and unsubscribe propagation are unverified.","public-actions Edge Function; subscriber table/RLS; admin auth; delivery provider","critical","2026-09-02","M1","Newsletter acquisition/delivery are protected from evidence-only changes."
"NC-GS-140","Newsletter","Reader newsletter content preferences","Readers can choose news, deals, or combined newsletter content.","No newsletter-content preference selection/data owner was found.","❌","V1","none found in signup forms, subscriber schema references, Edge Functions, or desk","none found","none","Search newsletter forms, runtime, functions, docs, audits, and subscriber fields → no preference choice found.","E-NEG-NEWSLETTER-PREFERENCES","Missing preference capability; a single general subscription is not equivalent.","No existing owner; future scope needs product/provider/schema decision.","low","2026-09-02","M1","Negative inventory only; no implementation authorized."
"NC-GS-141","Commerce","Deals directory","Readers can browse current products and retailer offers in one destination.","deals.html loads active commerce products/offers with filtering and disclosures.","✅","V3","/deals.html; eligible article Where to Buy; homepage commerce modules","deals.html; assets/commerce.js; assets/commerce.css","commerce products, retailers, offers, price history, article-product mappings","Open commerce surface → active offer/freshness/disclosure renders → outbound destination is tracked safely.","E-SRC-REPO; E-BROWSER-PUBLIC","None observed in deterministic scope.","commerce tables/views; provider feed; active offers; analytics consent","critical","2026-09-02","M1","Commerce is a protected Milestone 0 system."
"NC-GS-142","Commerce","Commerce product catalog","Offers are attached to normalized product entities rather than hardcoded cards.","commerce_products stores normalized game/product/platform metadata.","✅","V2","/deals.html; eligible article Where to Buy; homepage commerce modules","supabase/migrations/20260830034500_commerce_price_intelligence_v1.sql; assets/commerce.js","commerce products, retailers, offers, price history, article-product mappings","Open commerce surface → active offer/freshness/disclosure renders → outbound destination is tracked safely.","E-SRC-REPO; E-AUDIT-PUBLIC","None observed in deterministic scope.","commerce tables/views; provider feed; active offers; analytics consent","critical","2026-09-02","M1","Commerce is a protected Milestone 0 system."
"NC-GS-143","Commerce","Retailer offer aggregation","A product can expose current offers from multiple retailers.","commerce_retailers and commerce_offers join into active product views.","✅","V2","/deals.html; eligible article Where to Buy; homepage commerce modules","assets/commerce.js; scripts/audit_commerce.py; supabase/migrations/20260830034500_commerce_price_intelligence_v1.sql","commerce products, retailers, offers, price history, article-product mappings","Open commerce surface → active offer/freshness/disclosure renders → outbound destination is tracked safely.","E-SRC-REPO; E-AUDIT-PUBLIC","None observed in deterministic scope.","commerce tables/views; provider feed; active offers; analytics consent","critical","2026-09-02","M1","Commerce is a protected Milestone 0 system."
"NC-GS-144","Commerce","Price, discount, availability, and freshness","Offer cards show current price/context and suppress stale/unavailable entries.","Commerce runtime computes discount, availability, fetched time, and expiry.","✅","V2","/deals.html; eligible article Where to Buy; homepage commerce modules","assets/commerce.js; assets/article-commerce.js; scripts/audit_commerce.py","commerce products, retailers, offers, price history, article-product mappings","Open commerce surface → active offer/freshness/disclosure renders → outbound destination is tracked safely.","E-SRC-REPO; E-AUDIT-PUBLIC","None observed in deterministic scope.","commerce tables/views; provider feed; active offers; analytics consent","critical","2026-09-02","M1","Commerce is a protected Milestone 0 system."
"NC-GS-145","Commerce","Article Where to Buy","Eligible review/deal stories surface mapped purchase options contextually.","article-commerce queries article-product mappings and inserts Where to Buy only when active offers exist.","✅","V2","/deals.html; eligible article Where to Buy; homepage commerce modules","assets/article-commerce.js; assets/article-commerce.css","commerce products, retailers, offers, price history, article-product mappings","Open commerce surface → active offer/freshness/disclosure renders → outbound destination is tracked safely.","E-SRC-REPO; E-AUDIT-PUBLIC; E-BROWSER-ARTICLE","Conditional absence was correct on the sampled ineligible story; eligible live purchase was not clicked.","commerce tables/views; provider feed; active offers; analytics consent","critical","2026-09-02","M1","Commerce is a protected Milestone 0 system."
"NC-GS-146","Commerce","Affiliate and commercial disclosure","Commercial links disclose affiliate relationships near the action.","Deals/article modules render provider and commission disclosures and rel attributes.","✅","V2","/deals.html; eligible article Where to Buy; homepage commerce modules","assets/commerce.js; assets/article-commerce.js; commercial.html","commerce products, retailers, offers, price history, article-product mappings","Open commerce surface → active offer/freshness/disclosure renders → outbound destination is tracked safely.","E-SRC-REPO; E-AUDIT-PUBLIC","None observed in deterministic scope.","commerce tables/views; provider feed; active offers; analytics consent","critical","2026-09-02","M1","Commerce is a protected Milestone 0 system."
"NC-GS-147","Commerce","Commerce outbound click tracking","Outbound retailer selections produce privacy-respecting analytics without leaking credentials.","Analytics and commerce modules label outbound offer clicks.","🟡","V2","/deals.html; eligible article Where to Buy; homepage commerce modules","assets/analytics.js; assets/commerce.js; assets/article-commerce.js","commerce products, retailers, offers, price history, article-product mappings","Consent as needed → click test offer → correct safe analytics event → destination opens without sensitive data.","E-SRC-REPO; E-AUDIT-PUBLIC","Event wiring is source-audited; no retailer click or analytics delivery was performed.","eligible active offer; consent; analytics configuration","high","2026-09-02","M1","Commerce is a protected Milestone 0 system."
"NC-GS-148","Commerce","Price history","The commerce system retains price observations for trend/context and auditing.","commerce_price_history is populated from offer changes and read by deals runtime.","✅","V2","/deals.html; eligible article Where to Buy; homepage commerce modules","supabase/migrations/20260830043000_automate_commerce_price_history_v2.sql; assets/commerce.js","commerce products, retailers, offers, price history, article-product mappings","Open commerce surface → active offer/freshness/disclosure renders → outbound destination is tracked safely.","E-SRC-REPO; E-AUDIT-PUBLIC","None observed in deterministic scope.","commerce tables/views; provider feed; active offers; analytics consent","critical","2026-09-02","M1","Commerce is a protected Milestone 0 system."
"NC-GS-149","Commerce","Provider feed ingestion","Authorized provider data can be imported idempotently into normalized commerce tables.","Import tooling and Amazon Creators provider adapter validate and upsert a catalog/feed.","🟡","V2","/deals.html; eligible article Where to Buy; homepage commerce modules","scripts/import_commerce_feed.py; scripts/providers/amazon_creators_feed.py; AMAZON_CREATORS_PROVIDER.md","commerce products, retailers, offers, price history, article-product mappings","Run approved synthetic/provider feed → validated upserts → audit → public cards reflect it → rollback/cleanup.","E-SRC-REPO; E-AUDIT-PUBLIC; E-PROVIDER-BLOCKED","Tooling is compile/audit verified; no provider credential/feed mutation was run.","provider credentials/feed; server-side database authority; audit","critical","2026-09-02","M1","Commerce is a protected Milestone 0 system."
"NC-GS-150","Commerce","Offer expiry and retention automation","Expired offers are removed/suppressed and price history follows defined retention rules.","Migrations add expiry purge scheduling and provider-aware history retention.","🟡","V2","/deals.html; eligible article Where to Buy; homepage commerce modules","supabase/migrations/20260830051000_provider_aware_commerce_retention.sql; supabase/migrations/20260830052000_schedule_commerce_offer_expiry_purge.sql","commerce products, retailers, offers, price history, article-product mappings","Create synthetic expired offer/history → scheduled job runs → public/source state follows retention contract → cleanup.","E-SRC-REPO; E-AUDIT-PUBLIC; E-PROVIDER-BLOCKED","Schema/schedule contracts exist; no live scheduled execution or negative authorization path was observed.","pg_cron/project scheduler; commerce tables; provider metadata","critical","2026-09-02","M1","Commerce is a protected Milestone 0 system."
"NC-GS-151","SEO, Schema, Sitemap & Feeds","Homepage canonical metadata","The homepage self-canonicals at the public origin.","index.html emits the production root canonical and matching social URL.","✅","V2","public HTML heads; robots.txt; sitemap.xml; feed.xml","index.html; assets/public-hardening.js","published article/game/topic/author metadata and generated publication files","Build publication → parse public metadata/feed → URLs and visible data agree → generated files remain deterministic where contracted.","E-CANONICAL-STATIC; E-AUDIT-PUBLIC","None observed in deterministic scope.","site URL configuration; generated shells; published fallback","critical","2026-09-02","M1","Canonical architecture, sitemap, and feeds are protected systems."
"NC-GS-152","SEO, Schema, Sitemap & Feeds","Canonical story-shell metadata","Every story has a unique clean canonical before JavaScript.","All 53 generated story shells emit clean self-canonical and matching og:url.","✅","V2","public HTML heads; robots.txt; sitemap.xml; feed.xml","scripts/build_story_pages.py; stories/*/index.html","published article/game/topic/author metadata and generated publication files","Build publication → parse public metadata/feed → URLs and visible data agree → generated files remain deterministic where contracted.","E-CANONICAL-STATIC; E-PARITY-LIVE","None observed in deterministic scope.","site URL configuration; generated shells; published fallback","critical","2026-09-02","M1","Canonical architecture, sitemap, and feeds are protected systems."
"NC-GS-153","SEO, Schema, Sitemap & Feeds","Game, topic, and author canonical metadata","Entity/author routes self-canonical consistently.","Generated game/topic/author shells and dynamic templates set route-specific canonicals.","✅","V2","public HTML heads; robots.txt; sitemap.xml; feed.xml","scripts/build_game_pages.py; scripts/build_topic_pages.py; scripts/build_author_pages.py","published article/game/topic/author metadata and generated publication files","Build publication → parse public metadata/feed → URLs and visible data agree → generated files remain deterministic where contracted.","E-CANONICAL-STATIC; E-AUDIT-PUBLIC","None observed in deterministic scope.","site URL configuration; generated shells; published fallback","critical","2026-09-02","M1","Canonical architecture, sitemap, and feeds are protected systems."
"NC-GS-154","SEO, Schema, Sitemap & Feeds","Open Graph metadata","Public pages expose title, description, URL, image, and alt for social previews.","Public/static generated heads provide OG metadata with localized images.","✅","V2","public HTML heads; robots.txt; sitemap.xml; feed.xml","scripts/build_story_pages.py; public HTML heads; scripts/audit_social_preview.py","published article/game/topic/author metadata and generated publication files","Build publication → parse public metadata/feed → URLs and visible data agree → generated files remain deterministic where contracted.","E-CANONICAL-STATIC; E-AUDIT-PUBLIC","None observed in deterministic scope.","site URL configuration; generated shells; published fallback","critical","2026-09-02","M1","Canonical architecture, sitemap, and feeds are protected systems."
"NC-GS-155","SEO, Schema, Sitemap & Feeds","Twitter card metadata","Public pages expose consistent large-card metadata.","Public/story shells emit twitter card/title/description/image/alt.","✅","V2","public HTML heads; robots.txt; sitemap.xml; feed.xml","scripts/build_story_pages.py; scripts/build_sitemap.py; scripts/build_robots.py","published article/game/topic/author metadata and generated publication files","Build publication → parse public metadata/feed → URLs and visible data agree → generated files remain deterministic where contracted.","E-CANONICAL-STATIC; E-AUDIT-PUBLIC","None observed in deterministic scope.","site URL configuration; generated shells; published fallback","critical","2026-09-02","M1","Canonical architecture, sitemap, and feeds are protected systems."
"NC-GS-156","SEO, Schema, Sitemap & Feeds","Article and NewsArticle structured data","Article pages emit schema matching the visible story identity and dates.","Story builder emits Article or NewsArticle JSON-LD with author/publisher/mainEntity.","✅","V2","public HTML heads; robots.txt; sitemap.xml; feed.xml","scripts/build_story_pages.py; stories/*/index.html","published article/game/topic/author metadata and generated publication files","Build publication → parse public metadata/feed → URLs and visible data agree → generated files remain deterministic where contracted.","E-CANONICAL-STATIC; E-AUDIT-PUBLIC","None observed in deterministic scope.","site URL configuration; generated shells; published fallback","critical","2026-09-02","M1","Canonical architecture, sitemap, and feeds are protected systems."
"NC-GS-157","SEO, Schema, Sitemap & Feeds","Review structured data","Review pages emit rating and reviewed-game schema matching the visible verdict.","Review shells emit Review, VideoGame, Rating, and notes JSON-LD.","✅","V2","public HTML heads; robots.txt; sitemap.xml; feed.xml","scripts/build_story_pages.py; stories/*/index.html","published article/game/topic/author metadata and generated publication files","Build publication → parse public metadata/feed → URLs and visible data agree → generated files remain deterministic where contracted.","E-CANONICAL-STATIC; E-AUDIT-PUBLIC","None observed in deterministic scope.","site URL configuration; generated shells; published fallback","critical","2026-09-02","M1","Canonical architecture, sitemap, and feeds are protected systems."
"NC-GS-158","SEO, Schema, Sitemap & Feeds","Breadcrumb structured data","Stories expose hierarchical breadcrumb schema.","Story shells emit BreadcrumbList from publication → desk → story.","✅","V2","public HTML heads; robots.txt; sitemap.xml; feed.xml","scripts/build_story_pages.py","published article/game/topic/author metadata and generated publication files","Build publication → parse public metadata/feed → URLs and visible data agree → generated files remain deterministic where contracted.","E-CANONICAL-STATIC; E-AUDIT-PUBLIC","None observed in deterministic scope.","site URL configuration; generated shells; published fallback","critical","2026-09-02","M1","Canonical architecture, sitemap, and feeds are protected systems."
"NC-GS-159","SEO, Schema, Sitemap & Feeds","XML sitemap generation","All intended indexable public routes appear as clean URLs in a valid sitemap.","build_sitemap generates story, topic, game, author, desk, and policy URLs with audits.","✅","V2","public HTML heads; robots.txt; sitemap.xml; feed.xml","scripts/build_sitemap.py; sitemap.xml; scripts/audit_publication_reliability.py","published article/game/topic/author metadata and generated publication files","Build publication → parse public metadata/feed → URLs and visible data agree → generated files remain deterministic where contracted.","E-CANONICAL-STATIC; E-AUDIT-PUBLIC","None observed in deterministic scope.","site URL configuration; generated shells; published fallback","critical","2026-09-02","M1","Canonical architecture, sitemap, and feeds are protected systems."
"NC-GS-160","SEO, Schema, Sitemap & Feeds","RSS feed generation","A valid feed exposes current stories with stable canonical links and predictable generation.","feed.xml contains the newest 30 published stories from the story builder.","🟡","V2","public HTML heads; robots.txt; sitemap.xml; feed.xml","scripts/build_story_pages.py; feed.xml","published article/game/topic/author metadata and generated publication files","Build publication → parse public metadata/feed → URLs and visible data agree → generated files remain deterministic where contracted.","E-SRC-REPO; E-AUDIT-PUBLIC","Feed contains 30 of 53 stories and lastBuildDate is non-deterministic, creating reproducibility/noise risk.","published ordering; story builder; public origin","high","2026-09-02","M1","Canonical architecture, sitemap, and feeds are protected systems."
"NC-GS-161","Analytics & Consent","Analytics default-denied consent","Non-essential analytics stays off before reader consent.","Analytics bootstrap initializes denied state and defers tag loading.","✅","V2","all public pages; consent banner; article/search/commerce interactions","assets/analytics.js; privacy.html","local consent preference; conditional Google Analytics; safe event dimensions","Load public page → consent policy applies → eligible event contains allowlisted non-sensitive fields → denial/DNT prevents delivery.","E-SRC-REPO; E-AUDIT-PUBLIC","None observed in deterministic scope.","analytics configuration; consent storage; browser privacy state","critical","2026-09-02","M1","Analytics is protected; no errors were hidden or events mocked."
"NC-GS-162","Analytics & Consent","Consent preference persistence","A reader's allow/deny choice survives reload and remains changeable.","Analytics stores neural-critic consent and re-applies it on subsequent loads.","🟡","V2","all public pages; consent banner; article/search/commerce interactions","assets/analytics.js; assets/analytics-config.js","local consent preference; conditional Google Analytics; safe event dimensions","Choose each consent state → reload → tag/event state remains correct → reverse choice.","E-SRC-REPO; E-AUDIT-PUBLIC","Storage logic is source-audited; consent UI persistence was not exercised in the browser.","localStorage availability; analytics bootstrap order","high","2026-09-02","M1","Analytics is protected; no errors were hidden or events mocked."
"NC-GS-163","Analytics & Consent","Do Not Track handling","Browser DNT prevents optional analytics regardless of accidental event calls.","Analytics checks navigator.doNotTrack before measurement/tag load.","✅","V2","all public pages; consent banner; article/search/commerce interactions","assets/analytics.js","local consent preference; conditional Google Analytics; safe event dimensions","Load public page → consent policy applies → eligible event contains allowlisted non-sensitive fields → denial/DNT prevents delivery.","E-SRC-REPO; E-AUDIT-PUBLIC","None observed in deterministic scope.","analytics configuration; consent storage; browser privacy state","critical","2026-09-02","M1","Analytics is protected; no errors were hidden or events mocked."
"NC-GS-164","Analytics & Consent","Conditional analytics tag loading","The external analytics script loads only when configuration and consent permit.","GA tag insertion is guarded by measurement ID, consent, DNT, and one-time state.","✅","V2","all public pages; consent banner; article/search/commerce interactions","assets/analytics.js; assets/analytics-config.js","local consent preference; conditional Google Analytics; safe event dimensions","Load public page → consent policy applies → eligible event contains allowlisted non-sensitive fields → denial/DNT prevents delivery.","E-SRC-REPO; E-AUDIT-PUBLIC","None observed in deterministic scope.","analytics configuration; consent storage; browser privacy state","critical","2026-09-02","M1","Analytics is protected; no errors were hidden or events mocked."
"NC-GS-165","Analytics & Consent","Public page-view analytics","Eligible page views include safe route/page dimensions.","Analytics emits page_view with normalized safe URL/title/page type.","✅","V2","all public pages; consent banner; article/search/commerce interactions","assets/analytics.js; assets/analytics-config.js","local consent preference; conditional Google Analytics; safe event dimensions","Load public page → consent policy applies → eligible event contains allowlisted non-sensitive fields → denial/DNT prevents delivery.","E-SRC-REPO; E-AUDIT-PUBLIC","None observed in deterministic scope.","analytics configuration; consent storage; browser privacy state","critical","2026-09-02","M1","Analytics is protected; no errors were hidden or events mocked."
"NC-GS-166","Analytics & Consent","Article-view analytics","Article views include stable slug/editorial dimensions without personal data.","Article context resolver emits article_view dimensions after content hydration.","✅","V2","all public pages; consent banner; article/search/commerce interactions","assets/analytics.js; assets/popularity-signals.js","local consent preference; conditional Google Analytics; safe event dimensions","Load public page → consent policy applies → eligible event contains allowlisted non-sensitive fields → denial/DNT prevents delivery.","E-SRC-REPO; E-AUDIT-PUBLIC","None observed in deterministic scope.","analytics configuration; consent storage; browser privacy state","critical","2026-09-02","M1","Analytics is protected; no errors were hidden or events mocked."
"NC-GS-167","Analytics & Consent","Scroll-depth analytics","Meaningful reading-depth milestones are measured without duplicate handlers.","Analytics wires one-time scroll depth thresholds.","✅","V2","all public pages; consent banner; article/search/commerce interactions","assets/analytics.js; scripts/audit_overhaul_baseline.py","local consent preference; conditional Google Analytics; safe event dimensions","Load public page → consent policy applies → eligible event contains allowlisted non-sensitive fields → denial/DNT prevents delivery.","E-SRC-REPO; E-AUDIT-PUBLIC","None observed in deterministic scope.","analytics configuration; consent storage; browser privacy state","critical","2026-09-02","M1","Analytics is protected; no errors were hidden or events mocked."
"NC-GS-168","Analytics & Consent","Search privacy","Analytics measures search use without transmitting raw query text.","Search events report query length/result context instead of the query string.","✅","V2","all public pages; consent banner; article/search/commerce interactions","assets/analytics.js; privacy.html","local consent preference; conditional Google Analytics; safe event dimensions","Load public page → consent policy applies → eligible event contains allowlisted non-sensitive fields → denial/DNT prevents delivery.","E-SRC-REPO; E-AUDIT-PUBLIC","None observed in deterministic scope.","analytics configuration; consent storage; browser privacy state","critical","2026-09-02","M1","Analytics is protected; no errors were hidden or events mocked."
"NC-GS-169","Analytics & Consent","Outbound-link analytics","External destination clicks are labeled safely and respect consent.","Footer, commerce, game, and general outbound handlers emit allowlisted events.","✅","V2","all public pages; consent banner; article/search/commerce interactions","assets/analytics.js","local consent preference; conditional Google Analytics; safe event dimensions","Load public page → consent policy applies → eligible event contains allowlisted non-sensitive fields → denial/DNT prevents delivery.","E-SRC-REPO; E-AUDIT-PUBLIC","None observed in deterministic scope.","analytics configuration; consent storage; browser privacy state","critical","2026-09-02","M1","Analytics is protected; no errors were hidden or events mocked."
"NC-GS-170","Analytics & Consent","Feature-action analytics","Important actions such as follow, save, signup, and share can be measured consistently.","Shared analytics watches action labels/events from newsletter, entity follow, commerce, and article UI.","🟡","V2","all public pages; consent banner; article/search/commerce interactions","assets/analytics.js; assets/entity-follows-v2.js; assets/saved-stories.js","local consent preference; conditional Google Analytics; safe event dimensions","Grant consent → perform each fixture action → exactly one safe event per confirmed outcome → denial sends none.","E-SRC-REPO; E-AUDIT-PUBLIC","Event wiring exists, but delivery, deduplication across all layered modules, and consent-negative behavior were not observed live.","confirmed product action; consent; single handler ownership","critical","2026-09-02","M1","Analytics is protected; no errors were hidden or events mocked."
"NC-GS-171","Editorial Studio & Publishing","Private noindex Editorial Studio","CMS tooling is excluded from search and public unauthenticated use.","studio.html has private robots metadata and a signed-out editor gate.","✅","V3","studio.html","studio.html; assets/studio.js; assets/studio-backend.js","Supabase Auth; editor_profiles; articles; editorial media/metadata","Use approved fixture editor → pass role gate → create/update disposable draft → source re-read/reload → clean up without public test content.","E-BROWSER-PRIVATE","No approved test editor/admin identity was available for authenticated writes.","Supabase Auth; editor role/RLS; articles schema; safe test identity","critical","2026-09-02","M1","Editorial Studio and publication pipeline are protected systems."
"NC-GS-172","Editorial Studio & Publishing","Studio editor sign-in","Approved editorial users can authenticate into the CMS.","Studio backend uses Supabase Auth email/password gate.","🟡","V3","studio.html","assets/studio-backend.js; assets/studio-auth-redirect.js","Supabase Auth; editor_profiles; articles; editorial media/metadata","Use approved fixture editor → pass role gate → create/update disposable draft → source re-read/reload → clean up without public test content.","E-SRC-REPO; E-BROWSER-PRIVATE; E-ADMIN-BLOCKED","Real sign-in form/gate renders; no approved editor credentials were available.","Supabase Auth; editor role/RLS; articles schema; safe test identity","critical","2026-09-02","M1","Editorial Studio and publication pipeline are protected systems."
"NC-GS-173","Editorial Studio & Publishing","Studio role approval gate","Authenticated readers without editorial approval cannot access CMS mutations.","Studio verifies editor_profiles before hiding the gate and enabling backend.","🟡","V2","studio.html","assets/studio-backend.js; assets/newsroom-guards.js","Supabase Auth; editor_profiles; articles; editorial media/metadata","Sign in reader fixture → rejected → sign in editor fixture → accepted → admin role accepted where intended.","E-SRC-REPO; E-BROWSER-PRIVATE; E-ADMIN-BLOCKED; E-SUPABASE-POLICY-M2; E-AUTH-FIXTURE-BLOCKED-M2","The deployed role policies are structurally present, but reader/editor/admin negative and positive sessions were not executed.","editor_profiles role data; RLS; distinct fixtures","critical","2026-09-02","M2","No role or policy was changed; the credentialed enforcement matrix remains required."
"NC-GS-174","Editorial Studio & Publishing","Studio story library","Editors can list/select existing drafts, scheduled, and published stories.","Studio backend loads article rows and maintains the article library/selection state.","🟡","V2","studio.html","assets/studio-backend.js; assets/studio.js","Supabase Auth; editor_profiles; articles; editorial media/metadata","Use approved fixture editor → pass role gate → create/update disposable draft → source re-read/reload → clean up without public test content.","E-SRC-REPO; E-BROWSER-PRIVATE; E-ADMIN-BLOCKED","Signed-out DOM exists behind the gate, but authenticated live data/list behavior was not verified.","Supabase Auth; editor role/RLS; articles schema; safe test identity","critical","2026-09-02","M1","Editorial Studio and publication pipeline are protected systems."
"NC-GS-175","Editorial Studio & Publishing","Draft save and reload","An editor can save a draft and reopen the exact structured state.","Studio backend upserts article rows with draft status and reloads them.","🟡","V2","studio.html","assets/studio-backend.js; assets/story-readiness-guard.js","Supabase Auth; editor_profiles; articles; editorial media/metadata","Create uniquely prefixed draft → save → server re-read → page reload/reselect → fields match → delete fixture.","E-SRC-REPO; E-BROWSER-PRIVATE; E-ADMIN-BLOCKED","No editor/service authority; no disposable draft write/reload/cleanup run.","Supabase Auth; editor role/RLS; articles schema; safe test identity","critical","2026-09-02","M1","Editorial Studio and publication pipeline are protected systems."
"NC-GS-176","Editorial Studio & Publishing","Scheduled publication","An editor can schedule an eligible story for a future publish time.","Studio stores scheduled status/time with readiness guards and publication automation.","🟡","V2","studio.html","assets/studio-backend.js; assets/studio-readiness.js; .github/workflows/build-publication.yml","Supabase Auth; editor_profiles; articles; editorial media/metadata","Prepare fixture draft → pass readiness → schedule → source/reload agree → authorized workflow publishes at time → cleanup.","E-SRC-REPO; E-BROWSER-PRIVATE; E-ADMIN-BLOCKED","Structural scheduling exists; no production-equivalent scheduled fixture was authorized.","Supabase Auth; editor role/RLS; articles schema; safe test identity","critical","2026-09-02","M1","Editorial Studio and publication pipeline are protected systems."
"NC-GS-177","Editorial Studio & Publishing","Publish now","An approved editor can publish a ready story and generated public surfaces update.","Studio publish action updates article status/metadata for the publication build pipeline.","🟡","V2","studio.html","assets/studio-backend.js; assets/story-readiness-guard.js; .github/workflows/build-publication.yml","Supabase Auth; editor_profiles; articles; editorial media/metadata","Publish approved fixture in staging → live row, fallback, shell, sitemap/feed, and canonical page update → rollback.","E-SRC-REPO; E-BROWSER-PRIVATE; E-ADMIN-BLOCKED","No staging/editor authority; public test publication would be inappropriate.","Supabase Auth; editor role/RLS; articles schema; safe test identity","critical","2026-09-02","M1","Editorial Studio and publication pipeline are protected systems."
"NC-GS-178","Editorial Studio & Publishing","Structured format editing","Editors can author standard, ranked-list, guide, and review structures.","Studio format controls serialize article_format, contentBlocks, reviewMeta, and guide/ranking fields.","🟡","V2","studio.html","studio.html; assets/studio-formatting.js; assets/studio-conclusion.js","Supabase Auth; editor_profiles; articles; editorial media/metadata","Use approved fixture editor → pass role gate → create/update disposable draft → source re-read/reload → clean up without public test content.","E-SRC-REPO; E-BROWSER-PRIVATE; E-ADMIN-BLOCKED","Controls/serialization are source-audited; save/reload equivalence was not authenticated.","Supabase Auth; editor role/RLS; articles schema; safe test identity","critical","2026-09-02","M1","Editorial Studio and publication pipeline are protected systems."
"NC-GS-179","Editorial Studio & Publishing","Editorial media and source-document editing","Editors can attach media metadata and reporting/source documents safely.","Studio media and news modules manage uploads, alt/credit, source documents, and news metadata.","🟡","V2","studio.html","assets/studio-media.js; assets/studio-news.js; assets/studio-news-placement.js","Supabase Auth; editor_profiles; articles; editorial media/metadata","Use approved fixture editor → pass role gate → create/update disposable draft → source re-read/reload → clean up without public test content.","E-SRC-REPO; E-BROWSER-PRIVATE; E-ADMIN-BLOCKED","No authorized upload/source-document write, reload, or cleanup was performed.","editor Auth/RLS; Storage/media handling; article/source schema","critical","2026-09-02","M1","Editorial Studio and publication pipeline are protected systems."
"NC-GS-180","Editorial Studio & Publishing","Game Graph metadata editing","Editors can assign game, series, and franchise identity while authoring.","Studio Game Graph controls serialize game_key, series, and franchise.","🟡","V2","studio.html","assets/studio-game-graph.js; assets/studio-game-graph.css; assets/studio-backend.js","Supabase Auth; editor_profiles; articles; editorial media/metadata","Use approved fixture editor → pass role gate → create/update disposable draft → source re-read/reload → clean up without public test content.","E-SRC-REPO; E-BROWSER-PRIVATE; E-ADMIN-BLOCKED","Mapping UI/source exists, but authenticated save/reload was not verified; existing coverage is incomplete.","game data; editor Auth/RLS; article identity fields","critical","2026-09-02","M1","Editorial Studio and publication pipeline are protected systems."
"NC-GS-181","Newsroom & Admin Operations","Private noindex Newsroom","Editorial operations dashboard is non-indexable and gated.","newsroom.html has private robots metadata, an approved-editor sign-in overlay, and one shared private Supabase client.","✅","V3","newsroom.html; subscribers.html; GitHub Actions","assets/supabase-client-config.js; assets/newsroom-dashboard.js; assets/newsroom-guards.js; assets/subscribers.js","editorial_workflow; articles; editor_profiles; subscribers; GitHub Actions","Use approved role → pass gate → perform scoped operational action → source/audit/reload agree → unauthorized role rejected.","E-BROWSER-PRIVATE; E-PROTECTED-RUNTIME-M2; E-LIVE-AUTH-BOUNDARY-M2; E-PRIVATE-CONSOLE-M3","Exact-branch signed-out noindex/gate behavior and singleton client ownership are browser-evidenced without a duplicate-client warning; no approved editor/admin mutation journey was available.","editor/admin roles and RLS; audit tables; provider/workflow authority","critical","2026-09-02","M3","The private auth client remains consolidated; no role, policy, or UI behavior was changed."
"NC-GS-182","Newsroom & Admin Operations","Newsroom editor sign-in","Approved editors can authenticate into operational workflow.","Newsroom dashboard uses a shared Supabase Auth client and editor_profiles verification.","🟡","V3","newsroom.html; subscribers.html; GitHub Actions","assets/supabase-client-config.js; assets/newsroom-dashboard.js; assets/newsroom-guards.js","editorial_workflow; articles; editor_profiles; subscribers; GitHub Actions","Use approved role → pass gate → perform scoped operational action → source/audit/reload agree → unauthorized role rejected.","E-SRC-REPO; E-BROWSER-PRIVATE; E-ADMIN-BLOCKED; E-PROTECTED-RUNTIME-M2; E-SUPABASE-POLICY-M2; E-AUTH-FIXTURE-BLOCKED-M2; E-PRIVATE-CONSOLE-M3; E-AUTH-FIXTURE-BLOCKED-M3","Exact signed-out gate and singleton console behavior pass; no approved editor session, positive role result, source re-read, or reload proof exists.","editor/admin roles and RLS; audit tables; provider/workflow authority","critical","2026-09-02","M3","Newsroom/admin boundaries remain protected; authenticated sign-in is still unverified."
"NC-GS-183","Newsroom & Admin Operations","Editorial workflow board","Editors can see publication state, blockers, scheduling, and readiness in one queue.","Newsroom derives workflow/health rows and renders queue/stats/detail panels.","🟡","V2","newsroom.html; subscribers.html; GitHub Actions","assets/newsroom-dashboard.js; newsroom.html","editorial_workflow; articles; editor_profiles; subscribers; GitHub Actions","Use approved role → pass gate → perform scoped operational action → source/audit/reload agree → unauthorized role rejected.","E-SRC-REPO; E-BROWSER-PRIVATE; E-ADMIN-BLOCKED","Source and signed-out shell are verified; authenticated data load/filter/select is not.","editor/admin roles and RLS; audit tables; provider/workflow authority","critical","2026-09-02","M1","Newsroom/admin boundaries are protected."
"NC-GS-184","Newsroom & Admin Operations","Assignment, status, priority, and due-date editing","Editors can update operational ownership/state and persist it.","Newsroom upserts editorial_workflow fields for state, priority, assignee, verification, and due date.","🟡","V2","newsroom.html; subscribers.html; GitHub Actions","assets/newsroom-dashboard.js; supabase/migrations/20260824_add_editorial_workflow_v2.sql","editorial_workflow; articles; editor_profiles; subscribers; GitHub Actions","Editor updates fixture workflow → upsert/source re-read/reload agree → unauthorized reader rejected.","E-SRC-REPO; E-BROWSER-PRIVATE; E-ADMIN-BLOCKED","No editor/reader fixtures; persistence and RLS negative path unverified.","editor/admin roles and RLS; audit tables; provider/workflow authority","critical","2026-09-02","M1","Newsroom/admin boundaries are protected."
"NC-GS-185","Newsroom & Admin Operations","Source-document workflow","Reporting sources and verification notes attach to editorial workflow.","Newsroom/Studio support source documents, source count/status, and notes.","🟡","V2","newsroom.html; subscribers.html; GitHub Actions","assets/studio-news.js; assets/newsroom-dashboard.js; supabase/migrations/20260825_allow_editorial_source_documents.sql","editorial_workflow; articles; editor_profiles; subscribers; GitHub Actions","Use approved role → pass gate → perform scoped operational action → source/audit/reload agree → unauthorized role rejected.","E-SRC-REPO; E-BROWSER-PRIVATE; E-ADMIN-BLOCKED","No authenticated source-document write/reload or reader rejection test.","editor/admin roles and RLS; audit tables; provider/workflow authority","critical","2026-09-02","M1","Newsroom/admin boundaries are protected."
"NC-GS-186","Newsroom & Admin Operations","Editorial workflow audit history","Privileged workflow changes produce an accountable history.","Hardened editorial workflow audit migrations record changes with indexed foreign keys.","🟡","V2","newsroom.html; subscribers.html; GitHub Actions","supabase/migrations/20260824_harden_editorial_workflow_audit.sql; supabase/migrations/20260824_index_editorial_workflow_audit_foreign_keys.sql","editorial_workflow; articles; editor_profiles; subscribers; GitHub Actions","Perform fixture workflow changes → audit rows identify actor/change → reload → unauthorized reads/writes rejected.","E-SRC-REPO; E-BROWSER-PRIVATE; E-ADMIN-BLOCKED","Migration structure exists; no live audit write/read/negative path was performed.","editor/admin roles and RLS; audit tables; provider/workflow authority","critical","2026-09-02","M1","Newsroom/admin boundaries are protected."
"NC-GS-187","Newsroom & Admin Operations","Subscriber Desk admin gate","Subscriber management is visible only to approved administrators.","Subscriber Desk is noindex and redirects signed-out users through the approved editor/admin entry.","✅","V3","newsroom.html; subscribers.html; GitHub Actions","subscribers.html; assets/subscribers.js; supabase/functions/newsletter-admin/index.ts","editorial_workflow; articles; editor_profiles; subscribers; GitHub Actions","Use approved role → pass gate → perform scoped operational action → source/audit/reload agree → unauthorized role rejected.","E-BROWSER-PRIVATE; E-PRIVATE-CONSOLE-M3; E-AUTH-FIXTURE-BLOCKED-M3","Exact signed-out boundary/noindex state is proven; reader/editor/admin positive and negative role separation remains unverified.","editor/admin roles and RLS; audit tables; provider/workflow authority","critical","2026-09-02","M3","Newsroom/admin boundaries are protected; no privileged result is inferred from hidden UI."
"NC-GS-188","Newsroom & Admin Operations","Subscriber status mutation","Authorized admins can unsubscribe/reactivate records with provider reconciliation.","Subscriber Desk calls newsletter-admin mutations for subscriber state/sync.","🟡","V2","newsroom.html; subscribers.html; GitHub Actions","assets/subscribers.js; supabase/functions/newsletter-admin/index.ts","editorial_workflow; articles; editor_profiles; subscribers; GitHub Actions","Admin mutates synthetic subscriber → source/provider/reload agree → editor/reader rejected → cleanup.","E-SRC-REPO; E-BROWSER-PRIVATE; E-ADMIN-BLOCKED","No admin fixture, synthetic subscriber, or provider environment.","editor/admin roles and RLS; audit tables; provider/workflow authority","critical","2026-09-02","M1","Newsroom/admin boundaries are protected."
"NC-GS-189","Newsroom & Admin Operations","Comment moderation and reporting","Readers can report content and authorized staff can moderate it with role enforcement.","Community exposes reports; moderation tables/controls are referenced by community/admin code.","🟡","V2","newsroom.html; subscribers.html; GitHub Actions","assets/community-stable.js; assets/community-actions-v2.js; assets/community-profile.js","comment_reports; article_comments; editor/admin identity","Reader reports disposable comment → admin reviews/moderates → source/reload agree → reader cannot moderate → cleanup.","E-SRC-REPO; E-BROWSER-PRIVATE; E-ADMIN-BLOCKED","Report control rendered, but report write, moderation UI, role rejection, and cleanup were not proven.","community RLS; admin role; fixture thread","critical","2026-09-02","M1","Newsroom/admin boundaries are protected."
"NC-GS-190","Newsroom & Admin Operations","GitHub publication automation","Repository publication workflows rebuild, audit, and deploy generated public state reliably.","Refresh/build, Publication health, Pages, and commerce workflows operate on main with bounded permissions.","✅","V5","newsroom.html; subscribers.html; GitHub Actions",".github/workflows/build-publication.yml; .github/workflows/publication-health.yml; scripts/build_*.py; scripts/audit_*.py","Git repository, Supabase published rows, GitHub Actions/Pages","Authorized workflow fetches published state → generates surfaces → audits pass → commit/deploy succeeds with read/write scopes as configured.","E-GHA-LIVE; E-AUDIT-PUBLIC; E-CI-EXACT-M3","Historical main publication automation is operational and exact-branch Publication Health passed; the branch itself was not merged or deployed through production Pages.","GitHub Actions permissions/secrets; live Supabase; Pages","critical","2026-09-02","M3","V5 remains scoped to the pre-existing operational main pipeline; the exact branch adds CI health, not a production deployment claim."
"NC-GS-191","Platform Quality","Desktop responsive layout","Public surfaces remain usable at common desktop widths.","Shared/public responsive styles and representative desktop browser routes render without broken resources.","🟡","V3","all public/private templates and automated health checks","assets/public-responsive.css; assets/public-scale.css; assets/site.css","static templates/assets; browser storage; Supabase policies/config; CI","Run deterministic checks and representative browser states → no unintended public change → regressions fail loudly.","E-BROWSER-PUBLIC; E-BROWSER-ARTICLE; E-CANARY-M3; E-ARTICLE-BROWSER-M3","Representative article overflows horizontally at 1363px: document width 1534px, with the article sidebar reaching the overflow edge (BUG-M3-01); reproduced on current production.","shared CSS/JS; browser; audit suite; protected security configuration","high","2026-09-02","M3","Downgraded from complete because real-browser evidence contradicts the prior no-overflow claim; no CSS repair is authorized here."
"NC-GS-192","Platform Quality","Mobile responsive layout","Public surfaces remain usable at phone widths with compact navigation and readable articles.","Responsive CSS contains mobile breakpoints across public/article/community/game surfaces.","🟡","V2","all public/private templates and automated health checks","assets/public-responsive.css; assets/public-accessibility.js; assets/performance.js; scripts/audit_overhaul_baseline.py","static templates/assets; browser storage; Supabase policies/config; CI","Run deterministic checks and representative browser states → no unintended public change → regressions fail loudly.","E-SRC-REPO; E-AUDIT-PUBLIC; E-MOBILE-BLOCKED","Static responsive coverage passes, but this environment could not run a real mobile viewport/device journey.","responsive CSS; mobile navigation; touch/focus behavior","high","2026-09-02","M1","Platform verification adds no public redesign."
"NC-GS-193","Platform Quality","Light theme","All major surfaces remain legible and functional in light mode.","Theme toggle and light-fix styles switch the document to light.","✅","V4","all public/private templates and automated health checks","assets/app.js; assets/public-light-fixes.css; assets/site.css","static templates/assets; browser storage; Supabase policies/config; CI","Run deterministic checks and representative browser states → no unintended public change → regressions fail loudly.","E-BROWSER-THEME; E-INTERACTION-M3","Exact-branch pointer selection reached light and survived reload; every route was not visually diffed in light mode.","theme storage; per-module light overrides","high","2026-09-02","M3","Existing local-preference V4 evidence is strengthened without claiming server persistence."
"NC-GS-194","Platform Quality","Dark theme","All major surfaces remain legible and functional in dark mode.","Dark is the default theme and the toggle restores it after light mode.","✅","V4","all public/private templates and automated health checks","assets/app.js; assets/site.css; module theme rules","static templates/assets; browser storage; Supabase policies/config; CI","Run deterministic checks and representative browser states → no unintended public change → regressions fail loudly.","E-BROWSER-THEME; E-INTERACTION-M3","Exact-branch keyboard activation restored dark and survived reload; exhaustive visual regression coverage is not present.","shared CSS/JS; browser; audit suite; protected security configuration","high","2026-09-02","M3","Existing local-preference V4 evidence is strengthened without claiming server persistence."
"NC-GS-195","Platform Quality","Theme persistence across reload","A chosen visual theme survives reload without a contradictory flash/state.","neural-critic-theme local preference is applied in head/runtime and restored by the toggle.","✅","V4","all public/private templates and automated health checks","public HTML head theme bootstrap; assets/app.js","static templates/assets; browser storage; Supabase policies/config; CI","Dark → choose Light → reload remains Light → restore Dark.","E-BROWSER-THEME; E-INTERACTION-M3","Exact-branch light and dark choices each survived reload in the representative browser journey.","shared CSS/JS; browser; audit suite; protected security configuration","high","2026-09-02","M3","This is local preference persistence, not a server-backed reader claim."
"NC-GS-196","Platform Quality","Keyboard and focus interaction","Navigation, dialogs, menus, forms, and media controls are operable with visible focus.","Public accessibility module and CSS provide focus-visible/dialog/menu keyboard handling.","🟡","V3","all public/private templates and automated health checks","assets/public-accessibility.js; assets/public-responsive.css; assets/reader-auth-v2.js","static templates/assets; browser storage; Supabase policies/config; CI","Keyboard traverse representative header/search/article/auth/community/media flows → focus order/state/escape behavior remain correct.","E-SRC-REPO; E-AUDIT-PUBLIC; E-INTERACTION-M3; E-ARTICLE-BROWSER-M3","Representative keyboard search, Reading Map, theme, image viewer, auth, and Escape paths ran, but viewer and search closure fail to restore trigger focus (BUG-M3-03/04); no exhaustive keyboard pass.","semantic markup; module focus ownership; visible focus styles","high","2026-09-02","M3","Promoted to V3 for observed interaction while remaining partial because focus defects are real."
"NC-GS-197","Platform Quality","Semantic and ARIA states","Controls expose names, roles, pressed/expanded/status/error states to assistive technology.","Accessibility/auth/community/follow modules set ARIA labels, pressed states, live/status semantics, and alt text.","🟡","V3","all public/private templates and automated health checks","assets/public-accessibility.js; assets/reader-auth-v2.js; assets/entity-follows-v2.js; assets/saved-stories.js","static templates/assets; browser storage; Supabase policies/config; CI","Inspect representative accessibility tree and state transitions for all interactive modules.","E-SRC-REPO; E-AUDIT-PUBLIC; E-INTERACTION-M3; E-ARTICLE-BROWSER-M3","Representative dialog, label, pressed, copied/status, media-alt, and auth-gate transitions were observed; no full accessibility-tree or screen-reader audit was performed.","consistent dynamic state updates; semantic templates","high","2026-09-02","M3","Promoted only to representative browser evidence; assistive-technology completeness is not claimed."
"NC-GS-198","Platform Quality","Performance and lazy media","Images/scripts avoid unnecessary blocking and retain stable layout where practical.","Performance module applies lazy/decode behavior and public assets use preconnect/guarded enhancement.","✅","V2","all public/private templates and automated health checks","assets/performance.js; public HTML heads; assets/local-assets.js","static templates/assets; browser storage; Supabase policies/config; CI","Run deterministic checks and representative browser states → no unintended public change → regressions fail loudly.","E-SRC-REPO; E-AUDIT-PUBLIC","Deterministic contracts pass; no lab/field performance budget was measured.","shared CSS/JS; browser; audit suite; protected security configuration","high","2026-09-02","M1","Platform verification adds no public redesign."
"NC-GS-199","Platform Quality","Public, private, RLS, and secret boundaries","Anonymous readers see only intended data; privileged writes require correct roles; no service secret reaches client code.","Private noindex gates, deployed RLS policies, Edge auth checks, public-key clients, and client secret scans define boundaries.","🟡","V2","all public/private templates and automated health checks","supabase/migrations/*.sql; supabase/functions/*/index.ts; assets/supabase-config.js; scripts/audit_overhaul_baseline.py; scripts/audit_live_auth_boundaries.py","static templates/assets; browser storage; Supabase policies/config; CI","Run anonymous/reader/editor/admin positive and negative reads/writes against every protected table/function → scan built client → no secret exposure.","E-SUPABASE-STRUCTURE; E-AUDIT-PUBLIC; E-ADMIN-BLOCKED; E-LIVE-AUTH-BOUNDARY-M2; E-SUPABASE-POLICY-M2; E-AUTH-FIXTURE-BLOCKED-M2; E-RLS-M3; E-AUTH-FIXTURE-BLOCKED-M3; E-SUPABASE-ADVISOR-M3","Repeated anonymous controls pass and seven protected reads deny with 401; the full authenticated role/write matrix remains blocked, and leaked-password protection is an unresolved owner decision; Edge Functions use internal auth checks with verify_jwt=false.","complete deployed policies; role fixtures; server-only service credential; Edge auth","critical","2026-09-02","M3","Read-only boundary evidence was repeated without changing RLS, Auth, secrets, or the advisor setting."
"NC-GS-200","Platform Quality","Regression and publication health suite","Deterministic protected contracts fail CI on canonical, build, reference, runtime, security, or ledger regressions.","Publication health runs domain audits, the Milestone 0 contract, the 200-row ledger, live/static parity, protected-runtime integration, and live anonymous boundary checks.","✅","V2","all public/private templates and automated health checks",".github/workflows/publication-health.yml; scripts/audit_*.py; scripts/test_protected_runtime.js; scripts/audit_live_auth_boundaries.py; docs/OVERHAUL_BASELINE.md","static templates/assets; browser storage; Supabase policies/config; CI","Generate publication → parse code → run all audits → ledger/parity/canonical/security failures produce nonzero exit.","E-AUDIT-PUBLIC; E-SYNTAX; E-GHA-LIVE; E-PROTECTED-RUNTIME-M2; E-LIVE-AUTH-BOUNDARY-M2; E-CI-EXACT-M3","Publication Health succeeded on exact branch commit cfc8f993abbb2ea246c7b8182d4acfec6aea8ac5; the suite remains deterministic/integration evidence rather than a V3 UI claim.","Python 3.12; Node; live Supabase for live parity and anonymous boundary; workflow runners","critical","2026-09-02","M3","Exact-commit CI evidence was added without changing product behavior."
